timestamp, aqi, co, h, no2, o3, pm10, pm25, t
2017-09-29 14:52:46, 76, 30, 100, 63, 57, 76, 69, 22.33
timestamp, aqi, co, h, no2, o3, pm10, pm25, t
2017-09-29 14:53:02, 76, 30, 100, 63, 57, 76, 69, 22.33
timestamp, aqi, co, h, no2, o3, pm10, pm25, t
2017-09-29 15:53:05, 76, 30, 100, 63, 57, 76, 69, 22.33
timestamp, aqi, co, h, no2, o3, pm10, pm25, t
2017-09-29 16:53:07, 76, 30, 100, 63, 57, 76, 69, 22.33
timestamp, aqi, co, h, no2, o3, pm10, pm25, t
2017-09-29 17:53:09, 76, 30, 100, 63, 57, 76, 69, 22.33
timestamp, aqi, co, h, no2, o3, pm10, pm25, t
2017-09-29 18:53:11, 76, 30, 100, 63, 57, 76, 69, 22.33
timestamp, aqi, co, h, no2, o3, pm10, pm25, t
2017-09-29 19:53:14, 76, 30, 100, 63, 57, 76, 69, 22.33
timestamp, aqi, co, h, no2, o3, pm10, pm25, t
2017-09-29 20:53:16, 76, 30, 100, 63, 57, 76, 69, 22.33
timestamp, aqi, co, h, no2, o3, pm10, pm25, t
2017-09-29 21:53:18, 76, 30, 98, 63, 57, 76, 69, 19.74
timestamp, aqi, co, h, no2, o3, pm10, pm25, t
2017-09-29 22:53:21, 76, 30, 98, 63, 57, 76, 69, 19.74
timestamp, aqi, co, h, no2, o3, pm10, pm25, t
2017-09-29 23:53:23, 76, 30, 98, 63, 57, 76, 69, 19.74
timestamp, aqi, co, h, no2, o3, pm10, pm25, t
2017-09-30 00:53:26, 76, 30, 98, 63, 57, 76, 69, 19.74
timestamp, aqi, co, h, no2, o3, pm10, pm25, t
2017-09-30 01:53:28, 76, 30, 97, 63, 57, 76, 69, 19.18
timestamp, aqi, co, h, no2, o3, pm10, pm25, t
2017-09-30 02:53:30, 76, 30, 100, 63, 57, 76, 69, 23.4
timestamp, aqi, co, h, no2, o3, pm10, pm25, t
2017-09-30 03:53:33, 76, 30, 100, 63, 57, 76, 69, 23.4
timestamp, aqi, co, h, no2, o3, pm10, pm25, t
2017-09-30 04:53:35, 76, 30, 100, 63, 57, 76, 69, 23.4
timestamp, aqi, co, h, no2, o3, pm10, pm25, t
2017-09-30 05:53:37, 65, 31, 87, 64, 18, 65, 60, 28.86
timestamp, aqi, co, h, no2, o3, pm10, pm25, t
2017-09-30 06:53:40, 64, 31, 87, 64, 21, 64, 58, 28.86
timestamp, aqi, co, h, no2, o3, pm10, pm25, t
2017-09-30 07:53:42, 63, 31, 100, 63, 25, 63, 58, 24.38
timestamp, aqi, co, h, no2, o3, pm10, pm25, t
2017-09-30 08:53:44, 62, 31, 100, 62, 28, 62, 57, 24.38
timestamp, aqi, co, h, no2, o3, pm10, pm25, t
2017-09-30 09:53:47, 62, 31, 100, 61, 38, 62, 56, 24.38
timestamp, aqi, co, h, no2, o3, pm10, pm25, t
2017-09-30 10:53:49, 62, 31, 100, 61, 38, 62, 56, 24.38
timestamp, aqi, co, h, no2, o3, pm10, pm25, t
2017-09-30 11:53:52, 62, 31, 100, 59, 46, 62, 56, 23.48
timestamp, aqi, co, h, no2, o3, pm10, pm25, t
2017-09-30 12:53:54, 62, 31, 100, 59, 47, 62, 56, 23.48
timestamp, aqi, co, h, no2, o3, pm10, pm25, t
2017-09-30 13:53:57, 62, 31, 95, 58, 47, 62, 56, 22.37
timestamp, aqi, co, h, no2, o3, pm10, pm25, t
2017-09-30 14:53:59, 62, 31, 95, 58, 44, 62, 56, 22.37
timestamp, aqi, co, h, no2, o3, pm10, pm25, t
2017-09-30 15:54:02, 62, 31, 95, 58, 44, 62, 56, 22.37
timestamp, aqi, co, h, no2, o3, pm10, pm25, t
2017-09-30 16:54:04, 62, 31, 95, 60, 37, 62, 56, 22.37
timestamp, aqi, co, h, no2, o3, pm10, pm25, t
2017-09-30 17:54:07, 63, 31, 94, 60, 27, 63, 57, 20.68
timestamp, aqi, co, h, no2, o3, pm10, pm25, t
2017-09-30 18:54:09, 65, 31, 94, 60, 20, 65, 59, 20.68
timestamp, aqi, co, h, no2, o3, pm10, pm25, t
2017-09-30 19:54:12, 67, 31, 97, 61, 25, 67, 61, 20.46
timestamp, aqi, co, h, no2, o3, pm10, pm25, t
2017-09-30 20:54:15, 67, 31, 97, 61, 25, 67, 61, 20.46
timestamp, aqi, co, h, no2, o3, pm10, pm25, t
2017-09-30 21:54:17, 67, 31, 97, 61, 25, 67, 61, 20.46
timestamp, aqi, co, h, no2, o3, pm10, pm25, t
2017-09-30 22:54:20, 67, 31, 97, 61, 25, 67, 61, 20.46
timestamp, aqi, co, h, no2, o3, pm10, pm25, t
2017-09-30 23:54:22, 67, 31, 99, 61, 25, 67, 61, 20.49
timestamp, aqi, co, h, no2, o3, pm10, pm25, t
2017-10-01 00:54:24, 69, 31, 99, 58, 36, 69, 63, 20.49
timestamp, aqi, co, h, no2, o3, pm10, pm25, t
2017-10-01 01:54:27, 69, 31, 94, 57, 36, 69, 63, 24.41
timestamp, aqi, co, h, no2, o3, pm10, pm25, t
2017-10-01 02:54:30, 69, 31, 94, 57, 38, 69, 63, 24.41
timestamp, aqi, co, h, no2, o3, pm10, pm25, t
2017-10-01 03:54:32, 69, 31, 94, 57, 38, 69, 63, 24.41
timestamp, aqi, co, h, no2, o3, pm10, pm25, t
2017-10-01 04:54:34, 69, 31, 94, 58, 26, 69, 63, 24.41
timestamp, aqi, co, h, no2, o3, pm10, pm25, t
2017-10-01 05:54:37, 68, 31, 75, 57, 24, 68, 62, 30.26
timestamp, aqi, co, h, no2, o3, pm10, pm25, t
2017-10-01 06:54:40, 68, 31, 75, 56, 27, 68, 62, 30.26
timestamp, aqi, co, h, no2, o3, pm10, pm25, t
2017-10-01 07:54:43, 68, 31, 82, 58, 30, 68, 62, 30.02
timestamp, aqi, co, h, no2, o3, pm10, pm25, t
2017-10-01 08:54:45, 68, 31, 82, 58, 30, 68, 62, 30.02
timestamp, aqi, co, h, no2, o3, pm10, pm25, t
2017-10-01 09:54:47, 67, 31, 73, 59, 37, 67, 61, 29.33
timestamp, aqi, co, h, no2, o3, pm10, pm25, t
2017-10-01 10:54:51, 67, 31, 73, 59, 37, 67, 61, 29.33
timestamp, aqi, co, h, no2, o3, pm10, pm25, t
2017-10-01 11:54:53, 67, 31, 98, 59, 37, 67, 61, 24.37
timestamp, aqi, co, h, no2, o3, pm10, pm25, t
2017-10-01 12:54:56, 67, 31, 98, 59, 37, 67, 61, 24.37
timestamp, aqi, co, h, no2, o3, pm10, pm25, t
2017-10-01 13:54:58, 67, 31, 98, 59, 37, 67, 61, 24.37
timestamp, aqi, co, h, no2, o3, pm10, pm25, t
2017-10-01 14:55:01, 67, 31, 94, 59, 37, 67, 61, 22.14
timestamp, aqi, co, h, no2, o3, pm10, pm25, t
2017-10-01 15:55:03, 67, 31, 94, 59, 37, 67, 61, 22.14
timestamp, aqi, co, h, no2, o3, pm10, pm25, t
2017-10-01 16:55:06, 67, 31, 94, 59, 37, 67, 61, 21.49
timestamp, aqi, co, h, no2, o3, pm10, pm25, t
2017-10-01 17:55:09, 67, 31, 94, 59, 37, 67, 61, 21.49
timestamp, aqi, co, h, no2, o3, pm10, pm25, t
2017-10-01 18:55:11, 67, 31, 94, 59, 37, 67, 61, 21.49
timestamp, aqi, co, h, no2, o3, pm10, pm25, t
2017-10-01 19:55:14, 67, 31, 94, 59, 37, 67, 61, 21.49
timestamp, aqi, co, h, no2, o3, pm10, pm25, t
2017-10-01 20:55:16, 67, 31, 96, 59, 37, 67, 61, 21.62
timestamp, aqi, co, h, no2, o3, pm10, pm25, t
2017-10-01 21:55:18, 67, 31, 96, 59, 37, 67, 61, 21.62
timestamp, aqi, co, h, no2, o3, pm10, pm25, t
2017-10-01 22:55:21, 67, 31, 95, 59, 37, 67, 61, 21.21
timestamp, aqi, co, h, no2, o3, pm10, pm25, t
2017-10-01 23:55:24, 67, 31, 95, 59, 37, 67, 61, 21.21
timestamp, aqi, co, h, no2, o3, pm10, pm25, t
2017-10-02 00:55:26, 67, 31, 95, 59, 37, 67, 61, 21.21
timestamp, aqi, co, h, no2, o3, pm10, pm25, t
2017-10-02 01:55:29, 67, 31, 95, 59, 37, 67, 61, 21.21
timestamp, aqi, co, h, no2, o3, pm10, pm25, t
2017-10-02 02:55:31, 67, 31, 96, 59, 37, 67, 61, 23.67
timestamp, aqi, co, h, no2, o3, pm10, pm25, t
2017-10-02 03:55:34, 67, 31, 96, 59, 37, 67, 61, 23.67
timestamp, aqi, co, h, no2, o3, pm10, pm25, t
2017-10-02 04:55:36, 67, 31, 75, 59, 37, 67, 61, 30
timestamp, aqi, co, h, no2, o3, pm10, pm25, t
2017-10-02 05:55:38, 67, 31, 75, 59, 37, 67, 61, 30
timestamp, aqi, co, h, no2, o3, pm10, pm25, t
2017-10-02 06:55:41, 67, 31, 75, 59, 37, 67, 61, 30
timestamp, aqi, co, h, no2, o3, pm10, pm25, t
2017-10-02 07:55:43, 83, 58, 75, 46, 41, 83, 76, 30
timestamp, aqi, co, h, no2, o3, pm10, pm25, t
2017-10-02 08:55:46, 84, 49, 63, 47, 43, 84, 77, 30.38
timestamp, aqi, co, h, no2, o3, pm10, pm25, t
2017-10-02 09:55:49, 84, 49, 63, 47, 43, 84, 77, 30.38
timestamp, aqi, co, h, no2, o3, pm10, pm25, t
2017-10-02 10:55:51, 84, 49, 65, 47, 43, 84, 77, 28.1
timestamp, aqi, co, h, no2, o3, pm10, pm25, t
2017-10-02 11:55:54, 84, 49, 65, 47, 43, 84, 77, 28.1
timestamp, aqi, co, h, no2, o3, pm10, pm25, t
2017-10-02 12:55:56, 84, 49, 65, 47, 43, 84, 77, 28.1
timestamp, aqi, co, h, no2, o3, pm10, pm25, t
2017-10-02 13:55:59, 84, 49, 65, 47, 43, 84, 77, 28.1
timestamp, aqi, co, h, no2, o3, pm10, pm25, t
2017-10-02 14:56:01, 84, 49, 63, 47, 43, 84, 77, 26.34
timestamp, aqi, co, h, no2, o3, pm10, pm25, t
2017-10-02 15:56:04, 84, 49, 63, 47, 43, 84, 77, 26.34
timestamp, aqi, co, h, no2, o3, pm10, pm25, t
2017-10-02 16:56:07, 84, 49, 63, 47, 43, 84, 77, 26.34
timestamp, aqi, co, h, no2, o3, pm10, pm25, t
2017-10-02 17:37:21, 84, 49, 63, 47, 43, 84, 77, 26.34
timestamp, aqi, co, h, no2, o3, pm10, pm25, t
2017-10-02 17:56:09, 84, 49, 63, 47, 43, 84, 77, 26.34
timestamp, aqi, co, h, no2, o3, pm10, pm25, t
2017-10-02 18:37:23, 84, 49, 63, 47, 43, 84, 77, 26.26
timestamp, aqi, co, h, no2, o3, pm10, pm25, t
2017-10-02 18:56:12, 84, 49, 63, 47, 43, 84, 77, 26.26
timestamp, aqi, co, h, no2, o3, pm10, pm25, t
2017-10-02 19:37:26, 84, 49, 63, 47, 43, 84, 77, 26.26
timestamp, aqi, co, h, no2, o3, pm10, pm25, t
2017-10-02 19:56:14, 84, 49, 63, 47, 43, 84, 77, 26.26
timestamp, aqi, co, h, no2, o3, pm10, pm25, t
2017-10-02 20:37:29, 84, 49, 63, 47, 43, 84, 77, 26.26
timestamp, aqi, co, h, no2, o3, pm10, pm25, t
2017-10-02 20:56:17, 84, 49, 60, 47, 43, 84, 77, 26.39
timestamp, aqi, co, h, no2, o3, pm10, pm25, t
2017-10-02 21:37:31, 84, 49, 60, 47, 43, 84, 77, 26.39
timestamp, aqi, co, h, no2, o3, pm10, pm25, t
2017-10-02 21:56:19, 84, 49, 60, 47, 43, 84, 77, 26.39
timestamp, aqi, co, h, no2, o3, pm10, pm25, t
2017-10-02 22:37:33, 84, 49, 60, 47, 43, 84, 77, 26.39
timestamp, aqi, co, h, no2, o3, pm10, pm25, t
2017-10-02 22:56:22, 84, 49, 60, 47, 43, 84, 77, 26.39
timestamp, aqi, co, h, no2, o3, pm10, pm25, t
2017-10-02 23:37:36, 84, 49, 62, 47, 43, 84, 77, 25.79
timestamp, aqi, co, h, no2, o3, pm10, pm25, t
2017-10-02 23:56:24, 84, 49, 62, 47, 43, 84, 77, 25.79
timestamp, aqi, co, h, no2, o3, pm10, pm25, t
2017-10-03 00:37:39, 84, 49, 62, 47, 43, 84, 77, 25.79
timestamp, aqi, co, h, no2, o3, pm10, pm25, t
2017-10-03 00:56:27, 84, 49, 62, 47, 43, 84, 77, 25.79
timestamp, aqi, co, h, no2, o3, pm10, pm25, t
2017-10-03 01:37:41, 84, 49, 62, 47, 43, 84, 77, 25.79
timestamp, aqi, co, h, no2, o3, pm10, pm25, t
2017-10-03 01:56:29, 84, 49, 62, 47, 43, 84, 77, 25.79
timestamp, aqi, co, h, no2, o3, pm10, pm25, t
2017-10-03 02:37:43, 84, 49, 62, 47, 43, 84, 77, 25.79
timestamp, aqi, co, h, no2, o3, pm10, pm25, t
2017-10-03 02:56:31, 84, 49, 75, 47, 43, 84, 77, 26.41
timestamp, aqi, co, h, no2, o3, pm10, pm25, t
2017-10-03 03:37:47, 84, 49, 75, 47, 43, 84, 77, 26.41
timestamp, aqi, co, h, no2, o3, pm10, pm25, t
2017-10-03 03:56:34, 84, 49, 75, 47, 43, 84, 77, 26.41
timestamp, aqi, co, h, no2, o3, pm10, pm25, t
2017-10-03 04:37:50, 84, 49, 75, 47, 43, 84, 77, 26.41
timestamp, aqi, co, h, no2, o3, pm10, pm25, t
2017-10-03 04:56:36, 84, 49, 75, 47, 43, 84, 77, 26.41
timestamp, aqi, co, h, no2, o3, pm10, pm25, t
2017-10-03 05:37:52, 84, 49, 75, 47, 43, 84, 77, 26.41
timestamp, aqi, co, h, no2, o3, pm10, pm25, t
2017-10-03 05:56:39, 84, 49, 75, 47, 43, 84, 77, 26.41
timestamp, aqi, co, h, no2, o3, pm10, pm25, t
2017-10-03 06:37:54, 84, 49, 75, 47, 43, 84, 77, 26.41
timestamp, aqi, co, h, no2, o3, pm10, pm25, t
2017-10-03 06:56:41, 84, 49, 75, 47, 43, 84, 77, 26.41
timestamp, aqi, co, h, no2, o3, pm10, pm25, t
2017-10-03 07:37:58, 36, 34, 56, 69, 36, 84, 77, 31.08
timestamp, aqi, co, h, no2, o3, pm10, pm25, t
2017-10-03 07:56:44, 83, 36, 56, 69, 34, 83, 76, 31.08
timestamp, aqi, co, h, no2, o3, pm10, pm25, t
2017-10-03 08:38:01, 83, 36, 56, 69, 34, 83, 76, 31.08
timestamp, aqi, co, h, no2, o3, pm10, pm25, t
2017-10-03 08:56:46, 82, 38, 54, 69, 38, 82, 75, 31.98
timestamp, aqi, co, h, no2, o3, pm10, pm25, t
2017-10-03 09:38:03, 82, 38, 54, 69, 38, 82, 75, 31.98
timestamp, aqi, co, h, no2, o3, pm10, pm25, t
2017-10-03 09:56:49, 82, 38, 54, 69, 38, 82, 75, 31.98
timestamp, aqi, co, h, no2, o3, pm10, pm25, t
2017-10-03 10:38:06, 82, 41, 54, 63, 43, 82, 75, 31.98
timestamp, aqi, co, h, no2, o3, pm10, pm25, t
2017-10-03 10:56:51, 82, 41, 54, 63, 43, 82, 75, 31.98
timestamp, aqi, co, h, no2, o3, pm10, pm25, t
2017-10-03 11:38:08, 82, 41, 54, 63, 43, 82, 75, 31.98
timestamp, aqi, co, h, no2, o3, pm10, pm25, t
2017-10-03 11:56:54, 82, 41, 54, 63, 43, 82, 75, 31.98
timestamp, aqi, co, h, no2, o3, pm10, pm25, t
2017-10-03 12:38:10, 82, 41, 53, 63, 43, 82, 75, 29.62
timestamp, aqi, co, h, no2, o3, pm10, pm25, t
2017-10-03 12:56:56, 82, 41, 53, 63, 43, 82, 75, 29.62
timestamp, aqi, co, h, no2, o3, pm10, pm25, t
2017-10-03 13:38:13, 82, 41, 53, 63, 43, 82, 75, 29.62
timestamp, aqi, co, h, no2, o3, pm10, pm25, t
2017-10-03 13:56:59, 82, 41, 53, 63, 43, 82, 75, 29.62
timestamp, aqi, co, h, no2, o3, pm10, pm25, t
2017-10-03 14:38:16, 82, 41, 53, 63, 43, 82, 75, 29.62
timestamp, aqi, co, h, no2, o3, pm10, pm25, t
2017-10-03 14:57:01, 82, 41, 53, 63, 43, 82, 75, 27.15
timestamp, aqi, co, h, no2, o3, pm10, pm25, t
2017-10-03 15:38:18, 82, 41, 53, 63, 43, 82, 75, 27.15
timestamp, aqi, co, h, no2, o3, pm10, pm25, t
2017-10-03 15:57:03, 82, 41, 53, 63, 43, 82, 75, 27.15
timestamp, aqi, co, h, no2, o3, pm10, pm25, t
2017-10-03 16:38:21, 82, 41, 53, 63, 43, 82, 75, 27.15
timestamp, aqi, co, h, no2, o3, pm10, pm25, t
2017-10-03 16:57:06, 82, 41, 53, 63, 43, 82, 75, 27.15
timestamp, aqi, co, h, no2, o3, pm10, pm25, t
2017-10-03 17:38:23, 82, 41, 53, 63, 43, 82, 75, 27.15
timestamp, aqi, co, h, no2, o3, pm10, pm25, t
2017-10-03 17:57:08, 82, 41, 55, 63, 43, 82, 75, 26.65
timestamp, aqi, co, h, no2, o3, pm10, pm25, t
2017-10-03 18:38:26, 82, 41, 55, 63, 43, 82, 75, 26.65
timestamp, aqi, co, h, no2, o3, pm10, pm25, t
2017-10-03 18:57:11, 82, 41, 55, 63, 43, 82, 75, 26.65
timestamp, aqi, co, h, no2, o3, pm10, pm25, t
2017-10-03 19:38:28, 82, 41, 55, 63, 43, 82, 75, 26.65
timestamp, aqi, co, h, no2, o3, pm10, pm25, t
2017-10-03 19:57:13, 82, 41, 55, 63, 43, 82, 75, 26.65
timestamp, aqi, co, h, no2, o3, pm10, pm25, t
2017-10-03 20:38:31, 82, 41, 55, 63, 43, 82, 75, 26.65
timestamp, aqi, co, h, no2, o3, pm10, pm25, t
2017-10-03 20:57:15, 82, 41, 55, 63, 43, 82, 75, 26.65
timestamp, aqi, co, h, no2, o3, pm10, pm25, t
2017-10-03 21:38:34, 82, 41, 68, 63, 43, 82, 75, 23.85
timestamp, aqi, co, h, no2, o3, pm10, pm25, t
2017-10-03 21:57:18, 82, 41, 68, 63, 43, 82, 75, 23.85
timestamp, aqi, co, h, no2, o3, pm10, pm25, t
2017-10-03 22:38:36, 82, 41, 68, 63, 43, 82, 75, 23.85
timestamp, aqi, co, h, no2, o3, pm10, pm25, t
2017-10-03 22:57:20, 82, 41, 68, 63, 43, 82, 75, 23.85
timestamp, aqi, co, h, no2, o3, pm10, pm25, t
2017-10-03 23:38:39, 82, 41, 68, 63, 43, 82, 75, 23.85
timestamp, aqi, co, h, no2, o3, pm10, pm25, t
2017-10-03 23:57:23, 82, 41, 77, 63, 43, 82, 75, 22
timestamp, aqi, co, h, no2, o3, pm10, pm25, t
2017-10-04 00:38:41, 82, 41, 77, 63, 43, 82, 75, 22
timestamp, aqi, co, h, no2, o3, pm10, pm25, t
2017-10-04 00:57:25, 82, 41, 77, 63, 43, 82, 75, 22
timestamp, aqi, co, h, no2, o3, pm10, pm25, t
2017-10-04 01:38:43, 82, 41, 77, 63, 43, 82, 75, 22
timestamp, aqi, co, h, no2, o3, pm10, pm25, t
2017-10-04 01:57:28, 82, 41, 77, 63, 43, 82, 75, 22
timestamp, aqi, co, h, no2, o3, pm10, pm25, t
2017-10-04 02:38:46, 82, 41, 77, 63, 43, 82, 75, 22
timestamp, aqi, co, h, no2, o3, pm10, pm25, t
2017-10-04 02:57:30, 82, 41, 77, 63, 43, 82, 75, 22
timestamp, aqi, co, h, no2, o3, pm10, pm25, t
2017-10-04 03:38:48, 82, 41, 65, 63, 43, 82, 75, 26.83
timestamp, aqi, co, h, no2, o3, pm10, pm25, t
2017-10-04 03:57:32, 82, 41, 65, 63, 43, 82, 75, 26.83
timestamp, aqi, co, h, no2, o3, pm10, pm25, t
2017-10-04 04:38:51, 82, 41, 65, 63, 43, 82, 75, 26.83
timestamp, aqi, co, h, no2, o3, pm10, pm25, t
2017-10-04 04:57:35, 82, 41, 65, 63, 43, 82, 75, 26.83
timestamp, aqi, co, h, no2, o3, pm10, pm25, t
2017-10-04 05:38:53, 82, 41, 65, 63, 43, 82, 75, 26.83
timestamp, aqi, co, h, no2, o3, pm10, pm25, t
2017-10-04 05:57:37, 103, 51, 59, 79, 77, 103, 95, 31.49
timestamp, aqi, co, h, no2, o3, pm10, pm25, t
2017-10-04 06:38:55, 102, 51, 59, 80, 83, 102, 94, 31.49
timestamp, aqi, co, h, no2, o3, pm10, pm25, t
2017-10-04 06:57:40, 102, 51, 59, 80, 83, 102, 94, 31.49
timestamp, aqi, co, h, no2, o3, pm10, pm25, t
2017-10-04 07:38:58, 102, 51, 59, 80, 83, 102, 94, 31.49
timestamp, aqi, co, h, no2, o3, pm10, pm25, t
2017-10-04 07:57:42, 102, 51, 59, 80, 83, 102, 94, 31.49
timestamp, aqi, co, h, no2, o3, pm10, pm25, t
2017-10-04 08:39:00, 101, 51, 43, 78, 83, 101, 93, 32.94
timestamp, aqi, co, h, no2, o3, pm10, pm25, t
2017-10-04 08:57:44, 101, 51, 43, 78, 83, 101, 93, 32.94
timestamp, aqi, co, h, no2, o3, pm10, pm25, t
2017-10-04 09:39:02, 101, 51, 43, 78, 83, 101, 93, 32.94
timestamp, aqi, co, h, no2, o3, pm10, pm25, t
2017-10-04 09:57:47, 101, 51, 43, 78, 83, 101, 93, 32.94
timestamp, aqi, co, h, no2, o3, pm10, pm25, t
2017-10-04 10:39:05, 101, 50, 43, 77, 80, 101, 93, 32.94
timestamp, aqi, co, h, no2, o3, pm10, pm25, t
2017-10-04 10:57:49, 101, 50, 43, 76, 78, 101, 93, 32.94
timestamp, aqi, co, h, no2, o3, pm10, pm25, t
2017-10-04 11:39:07, 101, 50, 43, 76, 78, 101, 93, 32.94
timestamp, aqi, co, h, no2, o3, pm10, pm25, t
2017-10-04 11:57:51, 102, 47, 46, 74, 77, 102, 94, 30.73
timestamp, aqi, co, h, no2, o3, pm10, pm25, t
2017-10-04 12:39:09, 102, 48, 46, 72, 70, 102, 94, 30.73
timestamp, aqi, co, h, no2, o3, pm10, pm25, t
2017-10-04 12:57:54, 102, 48, 46, 72, 70, 102, 94, 30.73
timestamp, aqi, co, h, no2, o3, pm10, pm25, t
2017-10-04 13:39:12, 102, 48, 46, 72, 70, 102, 94, 30.73
timestamp, aqi, co, h, no2, o3, pm10, pm25, t
2017-10-04 13:57:57, 102, 48, 46, 72, 70, 102, 94, 30.73
timestamp, aqi, co, h, no2, o3, pm10, pm25, t
2017-10-04 14:39:14, 102, 48, 44, 72, 70, 102, 94, 28.42
timestamp, aqi, co, h, no2, o3, pm10, pm25, t
2017-10-04 14:57:59, 102, 48, 44, 72, 70, 102, 94, 28.42
timestamp, aqi, co, h, no2, o3, pm10, pm25, t
2017-10-04 15:39:17, 102, 48, 44, 72, 70, 102, 94, 28.42
timestamp, aqi, co, h, no2, o3, pm10, pm25, t
2017-10-04 15:58:06, 102, 48, 44, 72, 70, 102, 94, 28.42
timestamp, aqi, co, h, no2, o3, pm10, pm25, t
2017-10-04 16:39:19, 102, 48, 44, 72, 70, 102, 94, 28.42
timestamp, aqi, co, h, no2, o3, pm10, pm25, t
2017-10-04 16:58:09, 102, 48, 44, 72, 70, 102, 94, 28.42
timestamp, aqi, co, h, no2, o3, pm10, pm25, t
2017-10-04 17:39:21, 102, 48, 50, 72, 70, 102, 94, 27.3
timestamp, aqi, co, h, no2, o3, pm10, pm25, t
2017-10-04 17:58:11, 102, 48, 50, 72, 70, 102, 94, 27.3
timestamp, aqi, co, h, no2, o3, pm10, pm25, t
2017-10-04 18:39:24, 102, 48, 50, 72, 70, 102, 94, 27.3
timestamp, aqi, co, h, no2, o3, pm10, pm25, t
2017-10-04 18:58:14, 102, 48, 50, 72, 70, 102, 94, 27.3
timestamp, aqi, co, h, no2, o3, pm10, pm25, t
2017-10-04 19:39:26, 102, 48, 50, 72, 70, 102, 94, 27.3
timestamp, aqi, co, h, no2, o3, pm10, pm25, t
2017-10-04 19:58:16, 102, 48, 50, 72, 70, 102, 94, 27.3
timestamp, aqi, co, h, no2, o3, pm10, pm25, t
2017-10-04 20:39:29, 102, 48, 50, 72, 70, 102, 94, 27.3
timestamp, aqi, co, h, no2, o3, pm10, pm25, t
2017-10-04 20:58:18, 102, 48, 50, 72, 70, 102, 94, 27.3
timestamp, aqi, co, h, no2, o3, pm10, pm25, t
2017-10-04 21:39:31, 102, 48, 53, 72, 70, 102, 94, 24.8
timestamp, aqi, co, h, no2, o3, pm10, pm25, t
2017-10-04 21:58:21, 102, 48, 53, 72, 70, 102, 94, 24.8
timestamp, aqi, co, h, no2, o3, pm10, pm25, t
2017-10-04 22:39:33, 102, 48, 53, 72, 70, 102, 94, 24.8
timestamp, aqi, co, h, no2, o3, pm10, pm25, t
2017-10-04 22:58:24, 102, 48, 53, 72, 70, 102, 94, 24.8
timestamp, aqi, co, h, no2, o3, pm10, pm25, t
2017-10-04 23:39:36, 102, 48, 60, 72, 70, 102, 94, 22.16
timestamp, aqi, co, h, no2, o3, pm10, pm25, t
2017-10-04 23:58:26, 102, 48, 60, 72, 70, 102, 94, 22.16
timestamp, aqi, co, h, no2, o3, pm10, pm25, t
2017-10-05 00:39:39, 102, 48, 60, 72, 70, 102, 94, 22.16
timestamp, aqi, co, h, no2, o3, pm10, pm25, t
2017-10-05 00:58:29, 102, 48, 60, 72, 70, 102, 94, 22.16
timestamp, aqi, co, h, no2, o3, pm10, pm25, t
2017-10-05 01:39:41, 102, 48, 60, 72, 70, 102, 94, 22.16
timestamp, aqi, co, h, no2, o3, pm10, pm25, t
2017-10-05 01:58:31, 102, 48, 60, 72, 70, 102, 94, 22.16
timestamp, aqi, co, h, no2, o3, pm10, pm25, t
2017-10-05 02:39:43, 102, 48, 60, 72, 70, 102, 94, 22.16
timestamp, aqi, co, h, no2, o3, pm10, pm25, t
2017-10-05 02:58:33, 102, 48, 57, 72, 70, 102, 94, 27.27
timestamp, aqi, co, h, no2, o3, pm10, pm25, t
2017-10-05 03:39:46, 102, 48, 57, 72, 70, 102, 94, 27.27
timestamp, aqi, co, h, no2, o3, pm10, pm25, t
2017-10-05 03:58:36, 102, 48, 57, 72, 70, 102, 94, 27.27
timestamp, aqi, co, h, no2, o3, pm10, pm25, t
2017-10-05 04:39:48, 102, 48, 57, 72, 70, 102, 94, 27.27
timestamp, aqi, co, h, no2, o3, pm10, pm25, t
2017-10-05 04:58:39, 102, 48, 57, 72, 70, 102, 94, 27.27
timestamp, aqi, co, h, no2, o3, pm10, pm25, t
2017-10-05 05:39:51, 102, 48, 57, 72, 70, 102, 94, 27.27
timestamp, aqi, co, h, no2, o3, pm10, pm25, t
2017-10-05 05:58:41, 102, 48, 57, 72, 70, 102, 94, 27.27
timestamp, aqi, co, h, no2, o3, pm10, pm25, t
2017-10-05 06:39:53, 84, 49, 51, 80, 61, 84, 77, 32.24
timestamp, aqi, co, h, no2, o3, pm10, pm25, t
2017-10-05 06:58:44, 84, 49, 51, 80, 61, 84, 77, 32.24
timestamp, aqi, co, h, no2, o3, pm10, pm25, t
2017-10-05 07:39:56, 85, 48, 51, 84, 61, 85, 78, 32.24
timestamp, aqi, co, h, no2, o3, pm10, pm25, t
2017-10-05 07:58:46, 85, 48, 51, 84, 61, 85, 78, 32.24
timestamp, aqi, co, h, no2, o3, pm10, pm25, t
2017-10-05 08:39:59, 85, 48, 51, 84, 61, 85, 78, 32.24
timestamp, aqi, co, h, no2, o3, pm10, pm25, t
2017-10-05 08:58:48, 85, 48, 46, 85, 61, 85, 78, 32.52
timestamp, aqi, co, h, no2, o3, pm10, pm25, t
2017-10-05 09:40:01, 85, 48, 46, 85, 61, 85, 78, 32.52
timestamp, aqi, co, h, no2, o3, pm10, pm25, t
2017-10-05 09:58:51, 85, 49, 46, 85, 61, 85, 78, 32.52
timestamp, aqi, co, h, no2, o3, pm10, pm25, t
2017-10-05 10:40:03, 86, 49, 46, 86, 61, 86, 79, 32.52
timestamp, aqi, co, h, no2, o3, pm10, pm25, t
2017-10-05 10:58:53, 86, 49, 46, 86, 61, 86, 79, 32.52
timestamp, aqi, co, h, no2, o3, pm10, pm25, t
2017-10-05 11:40:06, 86, 49, 46, 86, 61, 86, 79, 32.52
timestamp, aqi, co, h, no2, o3, pm10, pm25, t
2017-10-05 11:58:56, 86, 49, 46, 86, 61, 86, 79, 32.52
timestamp, aqi, co, h, no2, o3, pm10, pm25, t
2017-10-05 12:40:08, 87, 48, 48, 91, 61, 87, 79, 30.45
timestamp, aqi, co, h, no2, o3, pm10, pm25, t
2017-10-05 12:58:58, 87, 48, 48, 91, 61, 87, 79, 30.45
timestamp, aqi, co, h, no2, o3, pm10, pm25, t
2017-10-05 13:40:11, 87, 48, 48, 93, 61, 87, 80, 30.45
timestamp, aqi, co, h, no2, o3, pm10, pm25, t
2017-10-05 13:59:00, 87, 48, 48, 93, 61, 87, 80, 30.45
timestamp, aqi, co, h, no2, o3, pm10, pm25, t
2017-10-05 14:40:13, 87, 48, 48, 93, 61, 87, 80, 30.45
timestamp, aqi, co, h, no2, o3, pm10, pm25, t
2017-10-05 14:59:03, 87, 48, 46, 95, 61, 87, 80, 28.1
timestamp, aqi, co, h, no2, o3, pm10, pm25, t
2017-10-05 15:40:16, 88, 49, 46, 96, 61, 88, 80, 28.1
timestamp, aqi, co, h, no2, o3, pm10, pm25, t
2017-10-05 15:59:05, 88, 49, 46, 96, 61, 88, 80, 28.1
timestamp, aqi, co, h, no2, o3, pm10, pm25, t
2017-10-05 16:40:18, 88, 49, 46, 96, 61, 88, 80, 28.1
timestamp, aqi, co, h, no2, o3, pm10, pm25, t
2017-10-05 16:59:08, 88, 49, 46, 96, 61, 88, 80, 28.1
timestamp, aqi, co, h, no2, o3, pm10, pm25, t
2017-10-05 17:40:20, 88, 49, 46, 95, 61, 88, 81, 28.1
timestamp, aqi, co, h, no2, o3, pm10, pm25, t
2017-10-05 17:59:10, 88, 49, 46, 95, 61, 88, 81, 28.1
timestamp, aqi, co, h, no2, o3, pm10, pm25, t
2017-10-05 18:40:23, 89, 48, 49, 94, 61, 89, 82, 26.94
timestamp, aqi, co, h, no2, o3, pm10, pm25, t
2017-10-05 18:59:13, 89, 48, 49, 94, 61, 89, 82, 26.94
timestamp, aqi, co, h, no2, o3, pm10, pm25, t
2017-10-05 19:40:25, 89, 48, 52, 94, 61, 89, 82, 25.78
timestamp, aqi, co, h, no2, o3, pm10, pm25, t
2017-10-05 19:59:16, 90, 48, 52, 95, 61, 90, 82, 25.78
timestamp, aqi, co, h, no2, o3, pm10, pm25, t
2017-10-05 20:40:27, 90, 48, 52, 95, 61, 90, 82, 25.78
timestamp, aqi, co, h, no2, o3, pm10, pm25, t
2017-10-05 20:59:18, 90, 48, 59, 95, 61, 90, 82, 23.54
timestamp, aqi, co, h, no2, o3, pm10, pm25, t
2017-10-05 21:40:30, 90, 48, 59, 95, 61, 90, 82, 23.54
timestamp, aqi, co, h, no2, o3, pm10, pm25, t
2017-10-05 21:59:20, 90, 48, 59, 95, 61, 90, 82, 23.54
timestamp, aqi, co, h, no2, o3, pm10, pm25, t
2017-10-05 22:40:33, 90, 48, 59, 95, 61, 90, 82, 23.54
timestamp, aqi, co, h, no2, o3, pm10, pm25, t
2017-10-05 22:59:23, 90, 48, 59, 95, 61, 90, 82, 23.54
timestamp, aqi, co, h, no2, o3, pm10, pm25, t
2017-10-05 23:40:35, 90, 48, 65, 95, 61, 90, 82, 22.64
timestamp, aqi, co, h, no2, o3, pm10, pm25, t
2017-10-05 23:59:25, 90, 48, 65, 95, 61, 90, 82, 22.64
timestamp, aqi, co, h, no2, o3, pm10, pm25, t
2017-10-06 00:40:38, 90, 48, 65, 95, 61, 90, 82, 22.64
timestamp, aqi, co, h, no2, o3, pm10, pm25, t
2017-10-06 00:59:28, 92, 48, 65, 100, 61, 92, 84, 22.64
timestamp, aqi, co, h, no2, o3, pm10, pm25, t
2017-10-06 01:40:41, 92, 48, 65, 100, 61, 92, 84, 22.64
timestamp, aqi, co, h, no2, o3, pm10, pm25, t
2017-10-06 01:59:30, 93, 48, 65, 100, 61, 93, 85, 22.64
timestamp, aqi, co, h, no2, o3, pm10, pm25, t
2017-10-06 02:40:43, 93, 48, 94, 102, 61, 93, 85, 23.04
timestamp, aqi, co, h, no2, o3, pm10, pm25, t
2017-10-06 02:59:32, 93, 48, 94, 102, 61, 93, 85, 23.04
timestamp, aqi, co, h, no2, o3, pm10, pm25, t
2017-10-06 03:40:46, 93, 48, 94, 102, 61, 93, 85, 23.04
timestamp, aqi, co, h, no2, o3, pm10, pm25, t
2017-10-06 03:59:35, 93, 48, 94, 102, 61, 93, 85, 23.04
timestamp, aqi, co, h, no2, o3, pm10, pm25, t
2017-10-06 04:40:49, 92, 48, 94, 102, 61, 92, 84, 23.04
timestamp, aqi, co, h, no2, o3, pm10, pm25, t
2017-10-06 04:59:37, 92, 48, 94, 102, 61, 92, 84, 23.04
timestamp, aqi, co, h, no2, o3, pm10, pm25, t
2017-10-06 05:40:51, 92, 48, 94, 102, 61, 92, 84, 23.04
timestamp, aqi, co, h, no2, o3, pm10, pm25, t
2017-10-06 05:59:40, 92, 48, 94, 102, 61, 92, 84, 23.04
timestamp, aqi, co, h, no2, o3, pm10, pm25, t
2017-10-06 06:40:53, 91, 48, 86, 99, 61, 91, 84, 23.98
timestamp, aqi, co, h, no2, o3, pm10, pm25, t
2017-10-06 06:59:42, 92, 48, 86, 96, 61, 92, 84, 23.98
timestamp, aqi, co, h, no2, o3, pm10, pm25, t
2017-10-06 07:40:56, 92, 48, 86, 96, 61, 92, 84, 23.98
timestamp, aqi, co, h, no2, o3, pm10, pm25, t
2017-10-06 07:59:45, 93, 48, 86, 92, 61, 93, 85, 23.98
timestamp, aqi, co, h, no2, o3, pm10, pm25, t
2017-10-06 08:40:58, 93, 48, 66, 92, 61, 93, 85, 30.39
timestamp, aqi, co, h, no2, o3, pm10, pm25, t
2017-10-06 08:59:47, 93, 48, 66, 92, 61, 93, 85, 30.39
timestamp, aqi, co, h, no2, o3, pm10, pm25, t
2017-10-06 09:41:01, 93, 48, 66, 92, 61, 93, 85, 30.39
timestamp, aqi, co, h, no2, o3, pm10, pm25, t
2017-10-06 09:59:50, 93, 48, 66, 92, 61, 93, 85, 30.39
timestamp, aqi, co, h, no2, o3, pm10, pm25, t
2017-10-06 10:41:04, 93, 48, 66, 92, 61, 93, 85, 30.39
timestamp, aqi, co, h, no2, o3, pm10, pm25, t
2017-10-06 10:59:53, 93, 48, 66, 92, 61, 93, 85, 30.39
timestamp, aqi, co, h, no2, o3, pm10, pm25, t
2017-10-06 11:41:06, 93, 48, 66, 92, 61, 93, 85, 30.39
timestamp, aqi, co, h, no2, o3, pm10, pm25, t
2017-10-06 11:59:55, 93, 48, 66, 92, 61, 93, 85, 30.39
timestamp, aqi, co, h, no2, o3, pm10, pm25, t
2017-10-06 12:41:09, 93, 48, 100, 92, 61, 93, 85, 23.17
timestamp, aqi, co, h, no2, o3, pm10, pm25, t
2017-10-06 12:59:57, 93, 48, 100, 92, 61, 93, 85, 23.17
timestamp, aqi, co, h, no2, o3, pm10, pm25, t
2017-10-06 13:41:11, 93, 48, 100, 92, 61, 93, 85, 23.17
timestamp, aqi, co, h, no2, o3, pm10, pm25, t
2017-10-06 14:00:00, 93, 48, 100, 92, 61, 93, 85, 23.17
timestamp, aqi, co, h, no2, o3, pm10, pm25, t
2017-10-06 14:41:13, 93, 48, 100, 92, 61, 93, 85, 21.31
timestamp, aqi, co, h, no2, o3, pm10, pm25, t
2017-10-06 15:00:02, 93, 48, 100, 92, 61, 93, 85, 21.31
timestamp, aqi, co, h, no2, o3, pm10, pm25, t
2017-10-06 15:41:16, 93, 48, 100, 92, 61, 93, 85, 21.31
timestamp, aqi, co, h, no2, o3, pm10, pm25, t
2017-10-06 16:00:05, 93, 48, 100, 92, 61, 93, 85, 21.31
timestamp, aqi, co, h, no2, o3, pm10, pm25, t
2017-10-06 16:41:18, 93, 48, 100, 92, 61, 93, 85, 21.31
timestamp, aqi, co, h, no2, o3, pm10, pm25, t
2017-10-06 17:00:07, 93, 48, 100, 92, 61, 93, 85, 21.31
timestamp, aqi, co, h, no2, o3, pm10, pm25, t
2017-10-06 17:41:21, 93, 48, 100, 92, 61, 93, 85, 21.31
timestamp, aqi, co, h, no2, o3, pm10, pm25, t
2017-10-06 18:00:10, 93, 48, 99, 92, 61, 93, 85, 21.25
timestamp, aqi, co, h, no2, o3, pm10, pm25, t
2017-10-06 18:41:23, 93, 48, 99, 92, 61, 93, 85, 21.25
timestamp, aqi, co, h, no2, o3, pm10, pm25, t
2017-10-06 19:00:12, 93, 48, 99, 92, 61, 93, 85, 21.25
timestamp, aqi, co, h, no2, o3, pm10, pm25, t
2017-10-06 19:41:25, 93, 48, 99, 92, 61, 93, 85, 21.25
timestamp, aqi, co, h, no2, o3, pm10, pm25, t
2017-10-06 20:00:15, 93, 48, 99, 92, 61, 93, 85, 21.25
timestamp, aqi, co, h, no2, o3, pm10, pm25, t
2017-10-06 20:41:28, 93, 48, 99, 92, 61, 93, 85, 21.25
timestamp, aqi, co, h, no2, o3, pm10, pm25, t
2017-10-06 21:00:17, 93, 48, 99, 92, 61, 93, 85, 21.25
timestamp, aqi, co, h, no2, o3, pm10, pm25, t
2017-10-06 21:41:30, 93, 48, 99, 92, 61, 93, 85, 21.14
timestamp, aqi, co, h, no2, o3, pm10, pm25, t
2017-10-06 22:00:20, 93, 48, 99, 92, 61, 93, 85, 21.14
timestamp, aqi, co, h, no2, o3, pm10, pm25, t
2017-10-06 22:41:33, 93, 48, 99, 92, 61, 93, 85, 21.14
timestamp, aqi, co, h, no2, o3, pm10, pm25, t
2017-10-06 23:00:22, 93, 48, 99, 92, 61, 93, 85, 21.14
timestamp, aqi, co, h, no2, o3, pm10, pm25, t
2017-10-06 23:41:35, 93, 48, 99, 92, 61, 93, 85, 21.14
timestamp, aqi, co, h, no2, o3, pm10, pm25, t
2017-10-07 00:00:25, 93, 48, 98, 92, 61, 93, 85, 20.97
timestamp, aqi, co, h, no2, o3, pm10, pm25, t
2017-10-07 00:41:37, 93, 48, 98, 92, 61, 93, 85, 20.97
timestamp, aqi, co, h, no2, o3, pm10, pm25, t
2017-10-07 01:00:27, 93, 48, 98, 92, 61, 93, 85, 20.97
timestamp, aqi, co, h, no2, o3, pm10, pm25, t
2017-10-07 01:41:40, 93, 48, 98, 92, 61, 93, 85, 20.97
timestamp, aqi, co, h, no2, o3, pm10, pm25, t
2017-10-07 02:00:29, 93, 48, 98, 92, 61, 93, 85, 20.97
timestamp, aqi, co, h, no2, o3, pm10, pm25, t
2017-10-07 02:41:42, 93, 48, 100, 92, 61, 93, 85, 23.21
timestamp, aqi, co, h, no2, o3, pm10, pm25, t
2017-10-07 03:00:32, 93, 48, 100, 92, 61, 93, 85, 23.21
timestamp, aqi, co, h, no2, o3, pm10, pm25, t
2017-10-07 03:41:45, 93, 48, 100, 92, 61, 93, 85, 23.21
timestamp, aqi, co, h, no2, o3, pm10, pm25, t
2017-10-07 04:00:35, 93, 48, 100, 92, 61, 93, 85, 23.21
timestamp, aqi, co, h, no2, o3, pm10, pm25, t
2017-10-07 04:41:47, 93, 48, 100, 92, 61, 93, 85, 23.21
timestamp, aqi, co, h, no2, o3, pm10, pm25, t
2017-10-07 05:00:37, 93, 48, 100, 92, 61, 93, 85, 23.21
timestamp, aqi, co, h, no2, o3, pm10, pm25, t
2017-10-07 05:41:50, 93, 48, 100, 92, 61, 93, 85, 23.21
timestamp, aqi, co, h, no2, o3, pm10, pm25, t
2017-10-07 06:00:39, 93, 48, 100, 92, 61, 93, 85, 23.21
timestamp, aqi, co, h, no2, o3, pm10, pm25, t
2017-10-07 06:41:52, 60, 48, 90, 42, 45, 60, 54, 27.56
timestamp, aqi, co, h, no2, o3, pm10, pm25, t
2017-10-07 07:00:42, 60, 48, 90, 42, 45, 60, 54, 27.56
timestamp, aqi, co, h, no2, o3, pm10, pm25, t
2017-10-07 07:41:55, 60, 48, 90, 42, 45, 60, 54, 27.56
timestamp, aqi, co, h, no2, o3, pm10, pm25, t
2017-10-07 08:00:44, 60, 48, 90, 42, 45, 60, 54, 27.56
timestamp, aqi, co, h, no2, o3, pm10, pm25, t
2017-10-07 08:41:57, 58, 49, 86, 42, 44, 58, 53, 28.85
timestamp, aqi, co, h, no2, o3, pm10, pm25, t
2017-10-07 09:00:47, 58, 49, 86, 42, 44, 58, 53, 28.85
timestamp, aqi, co, h, no2, o3, pm10, pm25, t
2017-10-07 09:42:00, 57, 49, 91, 41, 46, 57, 52, 28.17
timestamp, aqi, co, h, no2, o3, pm10, pm25, t
2017-10-07 10:00:49, 57, 49, 96, 40, 47, 57, 52, 27.49
timestamp, aqi, co, h, no2, o3, pm10, pm25, t
2017-10-07 10:42:02, 57, 49, 96, 40, 47, 57, 52, 27.49
timestamp, aqi, co, h, no2, o3, pm10, pm25, t
2017-10-07 11:00:52, 57, 49, 96, 40, 47, 57, 52, 27.49
timestamp, aqi, co, h, no2, o3, pm10, pm25, t
2017-10-07 11:42:05, 57, 49, 88, 39, 48, 57, 52, 26.7
timestamp, aqi, co, h, no2, o3, pm10, pm25, t
2017-10-07 12:00:55, 57, 49, 88, 39, 48, 57, 52, 26.7
timestamp, aqi, co, h, no2, o3, pm10, pm25, t
2017-10-07 12:42:07, 57, 49, 88, 39, 48, 57, 52, 26.7
timestamp, aqi, co, h, no2, o3, pm10, pm25, t
2017-10-07 13:00:58, 57, 49, 88, 39, 48, 57, 52, 26.7
timestamp, aqi, co, h, no2, o3, pm10, pm25, t
2017-10-07 13:42:09, 57, 49, 88, 39, 48, 57, 52, 26.7
timestamp, aqi, co, h, no2, o3, pm10, pm25, t
2017-10-07 14:01:00, 57, 49, 88, 39, 48, 57, 52, 26.7
timestamp, aqi, co, h, no2, o3, pm10, pm25, t
2017-10-07 14:42:12, 57, 49, 88, 39, 48, 57, 52, 26.7
timestamp, aqi, co, h, no2, o3, pm10, pm25, t
2017-10-07 15:01:02, 57, 49, 88, 39, 48, 57, 52, 26.7
timestamp, aqi, co, h, no2, o3, pm10, pm25, t
2017-10-07 15:42:14, 57, 49, 93, 39, 48, 57, 52, 23.92
timestamp, aqi, co, h, no2, o3, pm10, pm25, t
2017-10-07 16:01:05, 57, 49, 93, 39, 48, 57, 52, 23.92
timestamp, aqi, co, h, no2, o3, pm10, pm25, t
2017-10-07 16:42:17, 57, 49, 93, 39, 48, 57, 52, 23.92
timestamp, aqi, co, h, no2, o3, pm10, pm25, t
2017-10-07 17:01:07, 57, 49, 93, 39, 48, 57, 52, 23.92
timestamp, aqi, co, h, no2, o3, pm10, pm25, t
2017-10-07 17:42:19, 57, 49, 95, 39, 48, 57, 52, 22.95
timestamp, aqi, co, h, no2, o3, pm10, pm25, t
2017-10-07 18:01:10, 57, 49, 95, 39, 48, 57, 52, 22.95
timestamp, aqi, co, h, no2, o3, pm10, pm25, t
2017-10-07 18:42:21, 57, 49, 95, 39, 48, 57, 52, 22.95
timestamp, aqi, co, h, no2, o3, pm10, pm25, t
2017-10-07 19:01:12, 57, 49, 95, 39, 48, 57, 52, 22.95
timestamp, aqi, co, h, no2, o3, pm10, pm25, t
2017-10-07 19:42:24, 57, 49, 95, 39, 48, 57, 52, 22.95
timestamp, aqi, co, h, no2, o3, pm10, pm25, t
2017-10-07 20:01:15, 57, 49, 95, 39, 48, 57, 52, 22.95
timestamp, aqi, co, h, no2, o3, pm10, pm25, t
2017-10-07 20:42:26, 57, 49, 95, 39, 48, 57, 52, 22.95
timestamp, aqi, co, h, no2, o3, pm10, pm25, t
2017-10-07 21:01:18, 57, 49, 98, 39, 48, 57, 52, 22.7
timestamp, aqi, co, h, no2, o3, pm10, pm25, t
2017-10-07 21:42:29, 57, 49, 98, 39, 48, 57, 52, 22.7
timestamp, aqi, co, h, no2, o3, pm10, pm25, t
2017-10-07 22:01:20, 57, 49, 98, 39, 48, 57, 52, 22.7
timestamp, aqi, co, h, no2, o3, pm10, pm25, t
2017-10-07 22:42:31, 57, 49, 98, 39, 48, 57, 52, 22.7
timestamp, aqi, co, h, no2, o3, pm10, pm25, t
2017-10-07 23:01:23, 57, 49, 98, 39, 48, 57, 52, 22.7
timestamp, aqi, co, h, no2, o3, pm10, pm25, t
2017-10-07 23:42:34, 57, 49, 98, 39, 48, 57, 52, 22.7
timestamp, aqi, co, h, no2, o3, pm10, pm25, t
2017-10-08 00:01:25, 57, 49, 98, 39, 48, 57, 52, 22.7
timestamp, aqi, co, h, no2, o3, pm10, pm25, t
2017-10-08 00:42:37, 57, 49, 97, 39, 48, 57, 52, 21.48
timestamp, aqi, co, h, no2, o3, pm10, pm25, t
2017-10-08 01:01:27, 57, 49, 97, 39, 48, 57, 52, 21.48
timestamp, aqi, co, h, no2, o3, pm10, pm25, t
2017-10-08 01:42:40, 57, 49, 97, 39, 48, 57, 52, 21.48
timestamp, aqi, co, h, no2, o3, pm10, pm25, t
2017-10-08 02:01:30, 57, 49, 97, 39, 48, 57, 52, 21.48
timestamp, aqi, co, h, no2, o3, pm10, pm25, t
2017-10-08 02:42:42, 57, 49, 97, 39, 48, 57, 52, 21.48
timestamp, aqi, co, h, no2, o3, pm10, pm25, t
2017-10-08 03:01:32, 57, 49, 97, 39, 48, 57, 52, 21.48
timestamp, aqi, co, h, no2, o3, pm10, pm25, t
2017-10-08 03:42:45, 57, 49, 94, 39, 48, 57, 52, 24.41
timestamp, aqi, co, h, no2, o3, pm10, pm25, t
2017-10-08 04:01:35, 57, 49, 94, 39, 48, 57, 52, 24.41
timestamp, aqi, co, h, no2, o3, pm10, pm25, t
2017-10-08 04:42:47, 48, 48, 94, 32, 42, 45, 40, 24.41
timestamp, aqi, co, h, no2, o3, pm10, pm25, t
2017-10-08 05:01:37, 48, 48, 94, 32, 42, 45, 40, 24.41
timestamp, aqi, co, h, no2, o3, pm10, pm25, t
2017-10-08 05:42:49, 48, 48, 94, 32, 42, 45, 40, 24.41
timestamp, aqi, co, h, no2, o3, pm10, pm25, t
2017-10-08 06:01:40, 48, 48, 94, 32, 42, 45, 40, 24.41
timestamp, aqi, co, h, no2, o3, pm10, pm25, t
2017-10-08 06:42:52, 49, 49, 91, 33, 35, 43, 39, 28.29
timestamp, aqi, co, h, no2, o3, pm10, pm25, t
2017-10-08 07:01:42, 49, 49, 91, 33, 35, 43, 39, 28.29
timestamp, aqi, co, h, no2, o3, pm10, pm25, t
2017-10-08 07:42:54, 48, 48, 91, 34, 33, 43, 38, 28.29
timestamp, aqi, co, h, no2, o3, pm10, pm25, t
2017-10-08 08:01:44, 48, 48, 82, 34, 33, 43, 38, 29.37
timestamp, aqi, co, h, no2, o3, pm10, pm25, t
2017-10-08 08:42:57, 48, 48, 82, 34, 33, 43, 38, 29.37
timestamp, aqi, co, h, no2, o3, pm10, pm25, t
2017-10-08 09:01:47, 56, 56, 100, 35, 34, 43, 39, 23.77
timestamp, aqi, co, h, no2, o3, pm10, pm25, t
2017-10-08 09:42:59, 56, 56, 100, 35, 36, 42, 38, 23.77
timestamp, aqi, co, h, no2, o3, pm10, pm25, t
2017-10-08 10:01:49, 56, 56, 100, 35, 36, 42, 38, 23.77
timestamp, aqi, co, h, no2, o3, pm10, pm25, t
2017-10-08 10:43:02, 56, 56, 100, 36, 39, 42, 38, 23.77
timestamp, aqi, co, h, no2, o3, pm10, pm25, t
2017-10-08 11:01:51, 56, 56, 100, 36, 39, 42, 38, 23.77
timestamp, aqi, co, h, no2, o3, pm10, pm25, t
2017-10-08 11:43:04, 56, 56, 100, 36, 39, 42, 38, 23.77
timestamp, aqi, co, h, no2, o3, pm10, pm25, t
2017-10-08 12:01:54, 56, 56, 100, 36, 39, 42, 38, 23.77
timestamp, aqi, co, h, no2, o3, pm10, pm25, t
2017-10-08 12:43:06, 56, 56, 94, 36, 39, 42, 38, 23.48
timestamp, aqi, co, h, no2, o3, pm10, pm25, t
2017-10-08 13:01:56, 56, 56, 94, 36, 39, 42, 38, 23.48
timestamp, aqi, co, h, no2, o3, pm10, pm25, t
2017-10-08 13:43:09, 56, 56, 94, 36, 39, 42, 38, 23.48
timestamp, aqi, co, h, no2, o3, pm10, pm25, t
2017-10-08 14:01:58, 56, 56, 94, 36, 39, 42, 38, 23.48
timestamp, aqi, co, h, no2, o3, pm10, pm25, t
2017-10-08 14:43:11, 56, 56, 94, 36, 39, 42, 38, 23.48
timestamp, aqi, co, h, no2, o3, pm10, pm25, t
2017-10-08 15:02:01, 56, 56, 96, 36, 39, 42, 38, 21.57
timestamp, aqi, co, h, no2, o3, pm10, pm25, t
2017-10-08 15:43:13, 56, 56, 96, 36, 39, 42, 38, 21.57
timestamp, aqi, co, h, no2, o3, pm10, pm25, t
2017-10-08 16:02:03, 56, 56, 96, 36, 39, 42, 38, 21.57
timestamp, aqi, co, h, no2, o3, pm10, pm25, t
2017-10-08 16:43:16, 56, 56, 96, 36, 39, 42, 38, 21.57
timestamp, aqi, co, h, no2, o3, pm10, pm25, t
2017-10-08 17:02:06, 56, 56, 96, 36, 39, 42, 38, 21.57
timestamp, aqi, co, h, no2, o3, pm10, pm25, t
2017-10-08 17:43:18, 56, 56, 96, 36, 39, 42, 38, 21.57
timestamp, aqi, co, h, no2, o3, pm10, pm25, t
2017-10-08 18:02:09, 56, 56, 96, 36, 39, 42, 38, 21.57
timestamp, aqi, co, h, no2, o3, pm10, pm25, t
2017-10-08 18:43:21, 56, 56, 97.5, 36, 39, 42, 38, 21.295
timestamp, aqi, co, h, no2, o3, pm10, pm25, t
2017-10-08 19:02:11, 56, 56, 99, 36, 39, 42, 38, 21.02
timestamp, aqi, co, h, no2, o3, pm10, pm25, t
2017-10-08 19:43:24, 56, 56, 99, 36, 39, 42, 38, 21.02
timestamp, aqi, co, h, no2, o3, pm10, pm25, t
2017-10-08 20:02:13, 56, 56, 99, 36, 39, 42, 38, 21.02
timestamp, aqi, co, h, no2, o3, pm10, pm25, t
2017-10-08 20:43:26, 56, 56, 98, 36, 39, 42, 38, 21.08
timestamp, aqi, co, h, no2, o3, pm10, pm25, t
2017-10-08 21:02:16, 56, 56, 98, 36, 39, 42, 38, 21.08
timestamp, aqi, co, h, no2, o3, pm10, pm25, t
2017-10-08 21:43:28, 56, 56, 98, 36, 39, 42, 38, 21.08
timestamp, aqi, co, h, no2, o3, pm10, pm25, t
2017-10-08 22:02:18, 56, 56, 98, 36, 39, 42, 38, 21.08
timestamp, aqi, co, h, no2, o3, pm10, pm25, t
2017-10-08 22:43:31, 56, 56, 98, 36, 39, 42, 38, 21.08
timestamp, aqi, co, h, no2, o3, pm10, pm25, t
2017-10-08 23:02:21, 56, 56, 98, 36, 39, 42, 38, 21.08
timestamp, aqi, co, h, no2, o3, pm10, pm25, t
2017-10-08 23:43:33, 56, 56, 98, 36, 39, 42, 38, 21.08
timestamp, aqi, co, h, no2, o3, pm10, pm25, t
2017-10-09 00:02:23, 56, 56, 98, 36, 39, 42, 38, 21.08
timestamp, aqi, co, h, no2, o3, pm10, pm25, t
2017-10-09 00:43:36, 56, 56, 96, 36, 39, 42, 38, 20.66
timestamp, aqi, co, h, no2, o3, pm10, pm25, t
2017-10-09 01:02:26, 56, 56, 96, 36, 39, 42, 38, 20.66
timestamp, aqi, co, h, no2, o3, pm10, pm25, t
2017-10-09 01:43:38, 56, 56, 96, 36, 39, 42, 38, 20.66
timestamp, aqi, co, h, no2, o3, pm10, pm25, t
2017-10-09 02:02:28, 56, 56, 96, 36, 39, 42, 38, 20.66
timestamp, aqi, co, h, no2, o3, pm10, pm25, t
2017-10-09 02:43:40, 56, 56, 94, 36, 39, 42, 38, 23.15
timestamp, aqi, co, h, no2, o3, pm10, pm25, t
2017-10-09 03:02:30, 56, 56, 94, 36, 39, 42, 38, 23.15
timestamp, aqi, co, h, no2, o3, pm10, pm25, t
2017-10-09 03:43:43, 56, 56, 94, 36, 39, 42, 38, 23.15
timestamp, aqi, co, h, no2, o3, pm10, pm25, t
2017-10-09 04:02:33, 56, 56, 94, 36, 39, 42, 38, 23.15
timestamp, aqi, co, h, no2, o3, pm10, pm25, t
2017-10-09 04:43:45, 56, 56, 93, 36, 39, 42, 38, 24.2
timestamp, aqi, co, h, no2, o3, pm10, pm25, t
2017-10-09 05:02:36, 56, 56, 93, 36, 39, 42, 38, 24.2
timestamp, aqi, co, h, no2, o3, pm10, pm25, t
2017-10-09 05:43:48, 64, 64, 93, 40, 42, 34, 30, 24.2
timestamp, aqi, co, h, no2, o3, pm10, pm25, t
2017-10-09 06:02:38, 64, 64, 100, 40, 38, 34, 30, 24.97
timestamp, aqi, co, h, no2, o3, pm10, pm25, t
2017-10-09 06:43:50, 64, 64, 100, 40, 38, 34, 30, 24.97
timestamp, aqi, co, h, no2, o3, pm10, pm25, t
2017-10-09 07:02:40, 64, 64, 100, 40, 38, 34, 30, 24.97
timestamp, aqi, co, h, no2, o3, pm10, pm25, t
2017-10-09 07:43:53, 76, 76, 100, 41, 36, 35, 31, 24.97
timestamp, aqi, co, h, no2, o3, pm10, pm25, t
2017-10-09 08:02:43, 76, 76, 100, 41, 36, 35, 31, 24.97
timestamp, aqi, co, h, no2, o3, pm10, pm25, t
2017-10-09 08:43:55, 76, 76, 97, 42, 33, 36, 32, 26.31
timestamp, aqi, co, h, no2, o3, pm10, pm25, t
2017-10-09 09:02:45, 76, 76, 97, 42, 33, 36, 32, 26.31
timestamp, aqi, co, h, no2, o3, pm10, pm25, t
2017-10-09 09:43:57, 76, 76, 97, 42, 33, 36, 32, 26.31
timestamp, aqi, co, h, no2, o3, pm10, pm25, t
2017-10-09 10:02:48, 76, 76, 97, 42, 33, 36, 32, 26.31
timestamp, aqi, co, h, no2, o3, pm10, pm25, t
2017-10-09 10:44:00, 76, 76, 97, 43, 42, 37, 33, 26.31
timestamp, aqi, co, h, no2, o3, pm10, pm25, t
2017-10-09 11:02:50, 76, 76, 97, 43, 42, 37, 33, 26.31
timestamp, aqi, co, h, no2, o3, pm10, pm25, t
2017-10-09 11:44:02, 76, 76, 97, 43, 45, 39, 34, 26.31
timestamp, aqi, co, h, no2, o3, pm10, pm25, t
2017-10-09 12:02:52, 76, 76, 99, 43, 45, 39, 34, 23.14
timestamp, aqi, co, h, no2, o3, pm10, pm25, t
2017-10-09 12:44:05, 76, 76, 99, 43, 45, 39, 34, 23.14
timestamp, aqi, co, h, no2, o3, pm10, pm25, t
2017-10-09 13:02:55, 61, 61, 99, 43, 48, 40, 36, 23.14
timestamp, aqi, co, h, no2, o3, pm10, pm25, t
2017-10-09 13:44:07, 61, 61, 99, 43, 48, 40, 36, 23.14
timestamp, aqi, co, h, no2, o3, pm10, pm25, t
2017-10-09 14:02:59, 61, 61, 99, 43, 48, 40, 36, 23.14
timestamp, aqi, co, h, no2, o3, pm10, pm25, t
2017-10-09 14:44:10, 61, 61, 99, 43, 48, 40, 36, 23.14
timestamp, aqi, co, h, no2, o3, pm10, pm25, t
2017-10-09 15:03:02, 61, 61, 99, 43, 48, 40, 36, 23.14
timestamp, aqi, co, h, no2, o3, pm10, pm25, t
2017-10-09 15:44:12, 61, 61, 97, 43, 48, 40, 36, 22.89
timestamp, aqi, co, h, no2, o3, pm10, pm25, t
2017-10-09 16:03:05, 61, 61, 97, 43, 48, 40, 36, 22.89
timestamp, aqi, co, h, no2, o3, pm10, pm25, t
2017-10-09 16:44:14, 61, 61, 97, 43, 48, 40, 36, 22.89
timestamp, aqi, co, h, no2, o3, pm10, pm25, t
2017-10-09 17:03:09, 61, 61, 97, 43, 48, 40, 36, 22.89
timestamp, aqi, co, h, no2, o3, pm10, pm25, t
2017-10-09 17:44:17, 61, 61, 97, 43, 48, 40, 36, 22.89
timestamp, aqi, co, h, no2, o3, pm10, pm25, t
2017-10-09 18:03:12, 61, 61, 100, 43, 48, 40, 36, 22.78
timestamp, aqi, co, h, no2, o3, pm10, pm25, t
2017-10-09 18:44:19, 61, 61, 100, 43, 48, 40, 36, 22.78
timestamp, aqi, co, h, no2, o3, pm10, pm25, t
2017-10-09 19:03:14, 61, 61, 100, 43, 48, 40, 36, 22.78
timestamp, aqi, co, h, no2, o3, pm10, pm25, t
2017-10-09 19:44:22, 61, 61, 100, 43, 48, 40, 36, 22.78
timestamp, aqi, co, h, no2, o3, pm10, pm25, t
2017-10-09 20:03:17, 61, 61, 100, 43, 48, 40, 36, 22.78
timestamp, aqi, co, h, no2, o3, pm10, pm25, t
2017-10-09 20:44:24, 61, 61, 100, 43, 48, 40, 36, 22.78
timestamp, aqi, co, h, no2, o3, pm10, pm25, t
2017-10-09 21:03:20, 61, 61, 100, 43, 48, 40, 36, 22.78
timestamp, aqi, co, h, no2, o3, pm10, pm25, t
2017-10-09 21:44:27, 61, 61, 98, 43, 48, 40, 36, 21.73
timestamp, aqi, co, h, no2, o3, pm10, pm25, t
2017-10-09 22:03:22, 61, 61, 98, 43, 48, 40, 36, 21.73
timestamp, aqi, co, h, no2, o3, pm10, pm25, t
2017-10-09 22:44:29, 61, 61, 98, 43, 48, 40, 36, 21.73
timestamp, aqi, co, h, no2, o3, pm10, pm25, t
2017-10-09 23:03:25, 61, 61, 98, 43, 48, 40, 36, 21.73
timestamp, aqi, co, h, no2, o3, pm10, pm25, t
2017-10-09 23:44:32, 61, 61, 98, 43, 48, 40, 36, 21.73
timestamp, aqi, co, h, no2, o3, pm10, pm25, t
2017-10-10 00:03:27, 61, 61, 98, 43, 48, 40, 36, 20.94
timestamp, aqi, co, h, no2, o3, pm10, pm25, t
2017-10-10 00:44:34, 61, 61, 98, 43, 48, 40, 36, 20.94
timestamp, aqi, co, h, no2, o3, pm10, pm25, t
2017-10-10 01:03:29, 61, 61, 98, 43, 48, 40, 36, 20.94
timestamp, aqi, co, h, no2, o3, pm10, pm25, t
2017-10-10 01:44:37, 61, 61, 98, 43, 48, 40, 36, 20.94
timestamp, aqi, co, h, no2, o3, pm10, pm25, t
2017-10-10 02:03:32, 61, 61, 98, 43, 48, 40, 36, 20.94
timestamp, aqi, co, h, no2, o3, pm10, pm25, t
2017-10-10 02:44:39, 61, 61, 98, 43, 48, 40, 36, 20.94
timestamp, aqi, co, h, no2, o3, pm10, pm25, t
2017-10-10 03:03:34, 61, 61, 98, 43, 48, 40, 36, 20.94
timestamp, aqi, co, h, no2, o3, pm10, pm25, t
2017-10-10 03:44:41, 61, 61, 98, 43, 48, 40, 36, 21.805
timestamp, aqi, co, h, no2, o3, pm10, pm25, t
2017-10-10 04:03:37, 61, 61, 98, 43, 48, 40, 36, 22.67
timestamp, aqi, co, h, no2, o3, pm10, pm25, t
2017-10-10 04:44:44, 61, 61, 98, 43, 48, 40, 36, 22.67
timestamp, aqi, co, h, no2, o3, pm10, pm25, t
2017-10-10 05:03:39, 48, 47, 98, 45, 19, 48, 44, 22.67
timestamp, aqi, co, h, no2, o3, pm10, pm25, t
2017-10-10 05:44:46, 50, 48, 90, 46, 30, 50, 45, 26.08
timestamp, aqi, co, h, no2, o3, pm10, pm25, t
2017-10-10 06:03:42, 50, 48, 90, 46, 30, 50, 45, 26.08
timestamp, aqi, co, h, no2, o3, pm10, pm25, t
2017-10-10 06:44:49, 50, 48, 90, 47, 30, 50, 45, 26.08
timestamp, aqi, co, h, no2, o3, pm10, pm25, t
2017-10-10 07:03:44, 50, 48, 90, 47, 30, 50, 45, 26.08
timestamp, aqi, co, h, no2, o3, pm10, pm25, t
2017-10-10 07:44:51, 50, 48, 90, 47, 30, 50, 45, 26.08
timestamp, aqi, co, h, no2, o3, pm10, pm25, t
2017-10-10 08:03:47, 50, 48, 90, 47, 30, 50, 45, 26.08
timestamp, aqi, co, h, no2, o3, pm10, pm25, t
2017-10-10 08:44:54, 51, 48, 100, 49, 44, 51, 46, 21.77
timestamp, aqi, co, h, no2, o3, pm10, pm25, t
2017-10-10 09:03:50, 51, 48, 100, 49, 44, 51, 46, 21.77
timestamp, aqi, co, h, no2, o3, pm10, pm25, t
2017-10-10 09:44:57, 51, 48, 100, 49, 44, 51, 46, 21.77
timestamp, aqi, co, h, no2, o3, pm10, pm25, t
2017-10-10 10:03:53, 51, 48, 100, 49, 47, 51, 46, 21.77
timestamp, aqi, co, h, no2, o3, pm10, pm25, t
2017-10-10 10:45:00, 51, 48, 100, 49, 47, 51, 46, 21.77
timestamp, aqi, co, h, no2, o3, pm10, pm25, t
2017-10-10 11:03:56, 51, 48, 100, 48, 50, 51, 46, 21.77
timestamp, aqi, co, h, no2, o3, pm10, pm25, t
2017-10-10 11:45:03, 52, 49, 99, 47, 52, 50, 45, 21.26
timestamp, aqi, co, h, no2, o3, pm10, pm25, t
2017-10-10 12:03:59, 52, 49, 99, 47, 52, 50, 45, 21.26
timestamp, aqi, co, h, no2, o3, pm10, pm25, t
2017-10-10 12:45:06, 52, 49, 99, 47, 52, 50, 45, 21.26
timestamp, aqi, co, h, no2, o3, pm10, pm25, t
2017-10-10 13:04:02, 52, 49, 99, 47, 52, 50, 45, 21.26
timestamp, aqi, co, h, no2, o3, pm10, pm25, t
2017-10-10 13:45:08, 49, 49, 99, 47, 44, 49, 44, 21.26
timestamp, aqi, co, h, no2, o3, pm10, pm25, t
2017-10-10 14:04:06, 49, 49, 99, 47, 44, 49, 44, 21.26
timestamp, aqi, co, h, no2, o3, pm10, pm25, t
2017-10-10 14:45:11, 49, 49, 99, 47, 44, 49, 44, 21.26
timestamp, aqi, co, h, no2, o3, pm10, pm25, t
2017-10-10 15:04:09, 49, 49, 96, 47, 44, 49, 44, 21.06
timestamp, aqi, co, h, no2, o3, pm10, pm25, t
2017-10-10 15:45:13, 49, 49, 96, 47, 44, 49, 44, 21.06
timestamp, aqi, co, h, no2, o3, pm10, pm25, t
2017-10-10 16:04:14, 49, 49, 96, 47, 44, 49, 44, 21.06
timestamp, aqi, co, h, no2, o3, pm10, pm25, t
2017-10-10 16:45:17, 49, 49, 96, 47, 44, 49, 44, 21.06
timestamp, aqi, co, h, no2, o3, pm10, pm25, t
2017-10-10 17:04:17, 49, 49, 96, 47, 44, 49, 44, 21.06
timestamp, aqi, co, h, no2, o3, pm10, pm25, t
2017-10-10 17:45:19, 49, 49, 96, 47, 44, 49, 44, 21.13
timestamp, aqi, co, h, no2, o3, pm10, pm25, t
2017-10-10 18:04:20, 49, 49, 96, 47, 44, 49, 44, 21.13
timestamp, aqi, co, h, no2, o3, pm10, pm25, t
2017-10-10 18:45:22, 49, 49, 96, 47, 44, 49, 44, 21.13
timestamp, aqi, co, h, no2, o3, pm10, pm25, t
2017-10-10 19:04:23, 49, 49, 96, 47, 44, 49, 44, 21.13
timestamp, aqi, co, h, no2, o3, pm10, pm25, t
2017-10-10 19:45:24, 49, 49, 96, 47, 44, 49, 44, 21.13
timestamp, aqi, co, h, no2, o3, pm10, pm25, t
2017-10-10 20:04:27, 49, 49, 96, 47, 44, 49, 44, 21.13
timestamp, aqi, co, h, no2, o3, pm10, pm25, t
2017-10-10 20:45:26, 49, 49, 96, 47, 44, 49, 44, 21.13
timestamp, aqi, co, h, no2, o3, pm10, pm25, t
2017-10-10 21:04:29, 49, 49, 99, 47, 44, 49, 44, 20.65
timestamp, aqi, co, h, no2, o3, pm10, pm25, t
2017-10-10 21:45:29, 49, 49, 99, 47, 44, 49, 44, 20.65
timestamp, aqi, co, h, no2, o3, pm10, pm25, t
2017-10-10 22:04:32, 49, 49, 99, 47, 44, 49, 44, 20.65
timestamp, aqi, co, h, no2, o3, pm10, pm25, t
2017-10-10 22:45:31, 49, 49, 99, 47, 44, 49, 44, 20.65
timestamp, aqi, co, h, no2, o3, pm10, pm25, t
2017-10-10 23:04:36, 49, 49, 99, 47, 44, 49, 44, 20.65
timestamp, aqi, co, h, no2, o3, pm10, pm25, t
2017-10-10 23:45:34, 49, 49, 99, 47, 44, 49, 44, 20.65
timestamp, aqi, co, h, no2, o3, pm10, pm25, t
2017-10-11 00:04:38, 49, 49, 99, 47, 44, 49, 44, 20.65
timestamp, aqi, co, h, no2, o3, pm10, pm25, t
2017-10-11 00:45:36, 49, 49, 100, 47, 44, 49, 44, 20.51
timestamp, aqi, co, h, no2, o3, pm10, pm25, t
2017-10-11 01:04:41, 49, 49, 100, 47, 44, 49, 44, 20.51
timestamp, aqi, co, h, no2, o3, pm10, pm25, t
2017-10-11 01:45:39, 49, 49, 100, 47, 44, 49, 44, 20.51
timestamp, aqi, co, h, no2, o3, pm10, pm25, t
2017-10-11 02:04:44, 49, 49, 100, 47, 44, 49, 44, 20.51
timestamp, aqi, co, h, no2, o3, pm10, pm25, t
2017-10-11 02:45:41, 49, 49, 100, 47, 44, 49, 44, 20.51
timestamp, aqi, co, h, no2, o3, pm10, pm25, t
2017-10-11 03:04:46, 49, 49, 100, 47, 44, 49, 44, 21.07
timestamp, aqi, co, h, no2, o3, pm10, pm25, t
2017-10-11 03:45:44, 49, 49, 100, 47, 44, 49, 44, 21.07
timestamp, aqi, co, h, no2, o3, pm10, pm25, t
2017-10-11 04:04:49, 49, 49, 100, 47, 44, 49, 44, 21.07
timestamp, aqi, co, h, no2, o3, pm10, pm25, t
2017-10-11 04:45:46, 49, 49, 100, 47, 44, 49, 44, 21.07
timestamp, aqi, co, h, no2, o3, pm10, pm25, t
2017-10-11 05:04:51, 49, 49, 100, 47, 44, 49, 44, 21.07
timestamp, aqi, co, h, no2, o3, pm10, pm25, t
2017-10-11 05:45:49, 49, 49, 100, 47, 44, 49, 44, 21.07
timestamp, aqi, co, h, no2, o3, pm10, pm25, t
2017-10-11 06:04:53, 49, 49, 100, 47, 44, 49, 44, 21.07
timestamp, aqi, co, h, no2, o3, pm10, pm25, t
2017-10-11 06:45:52, 61, 48, 100, 41, 22, 61, 55, 22
timestamp, aqi, co, h, no2, o3, pm10, pm25, t
2017-10-11 07:04:56, 61, 48, 100, 41, 22, 61, 55, 22
timestamp, aqi, co, h, no2, o3, pm10, pm25, t
2017-10-11 07:45:54, 61, 48, 100, 41, 22, 61, 55, 22
timestamp, aqi, co, h, no2, o3, pm10, pm25, t
2017-10-11 08:04:59, 61, 48, 92, 41, 22, 61, 55, 26.78
timestamp, aqi, co, h, no2, o3, pm10, pm25, t
2017-10-11 08:45:57, 61, 48, 92, 41, 22, 61, 55, 26.78
timestamp, aqi, co, h, no2, o3, pm10, pm25, t
2017-10-11 09:05:02, 61, 48, 89, 41, 22, 61, 55, 26.1
timestamp, aqi, co, h, no2, o3, pm10, pm25, t
2017-10-11 09:45:59, 61, 48, 89, 41, 22, 61, 55, 26.1
timestamp, aqi, co, h, no2, o3, pm10, pm25, t
2017-10-11 10:05:05, 61, 48, 89, 41, 22, 61, 55, 26.1
timestamp, aqi, co, h, no2, o3, pm10, pm25, t
2017-10-11 10:46:01, 61, 48, 89, 41, 22, 61, 55, 26.1
timestamp, aqi, co, h, no2, o3, pm10, pm25, t
2017-10-11 11:05:08, 61, 48, 89, 41, 22, 61, 55, 26.1
timestamp, aqi, co, h, no2, o3, pm10, pm25, t
2017-10-11 11:46:03, 87, 48, 84, 35, 87, 71, 65, 25.73
timestamp, aqi, co, h, no2, o3, pm10, pm25, t
2017-10-11 12:05:10, 87, 48, 84, 35, 87, 71, 65, 25.73
timestamp, aqi, co, h, no2, o3, pm10, pm25, t
2017-10-11 12:46:06, 87, 48, 84, 35, 87, 71, 65, 25.73
timestamp, aqi, co, h, no2, o3, pm10, pm25, t
2017-10-11 13:05:13, 87, 48, 84, 35, 87, 71, 65, 25.73
timestamp, aqi, co, h, no2, o3, pm10, pm25, t
2017-10-11 13:46:08, 87, 48, 84, 35, 87, 71, 65, 25.73
timestamp, aqi, co, h, no2, o3, pm10, pm25, t
2017-10-11 14:05:15, 87, 48, 84, 35, 87, 71, 65, 25.73
timestamp, aqi, co, h, no2, o3, pm10, pm25, t
2017-10-11 14:46:11, 87, 48, 96, 35, 87, 71, 65, 22.27
timestamp, aqi, co, h, no2, o3, pm10, pm25, t
2017-10-11 15:05:17, 87, 48, 96, 35, 87, 71, 65, 22.27
timestamp, aqi, co, h, no2, o3, pm10, pm25, t
2017-10-11 15:46:13, 87, 48, 96, 35, 87, 71, 65, 22.27
timestamp, aqi, co, h, no2, o3, pm10, pm25, t
2017-10-11 16:05:20, 87, 48, 96, 35, 87, 71, 65, 22.27
timestamp, aqi, co, h, no2, o3, pm10, pm25, t
2017-10-11 16:46:16, 87, 48, 96, 35, 87, 71, 65, 22.27
timestamp, aqi, co, h, no2, o3, pm10, pm25, t
2017-10-11 17:05:23, 87, 48, 96, 35, 87, 71, 65, 22.27
timestamp, aqi, co, h, no2, o3, pm10, pm25, t
2017-10-11 17:46:18, 87, 48, 96, 35, 87, 71, 65, 22.27
timestamp, aqi, co, h, no2, o3, pm10, pm25, t
2017-10-11 18:05:25, 87, 48, 96, 35, 87, 71, 65, 22.27
timestamp, aqi, co, h, no2, o3, pm10, pm25, t
2017-10-11 18:46:21, 87, 48, 100, 35, 87, 71, 65, 21.21
timestamp, aqi, co, h, no2, o3, pm10, pm25, t
2017-10-11 19:05:30, 87, 48, 100, 35, 87, 71, 65, 21.21
timestamp, aqi, co, h, no2, o3, pm10, pm25, t
2017-10-11 19:46:23, 87, 48, 100, 35, 87, 71, 65, 21.21
timestamp, aqi, co, h, no2, o3, pm10, pm25, t
2017-10-11 20:05:32, 87, 48, 100, 35, 87, 71, 65, 21.21
timestamp, aqi, co, h, no2, o3, pm10, pm25, t
2017-10-11 20:46:26, 87, 48, 100, 35, 87, 71, 65, 20.06
timestamp, aqi, co, h, no2, o3, pm10, pm25, t
2017-10-11 21:05:34, 87, 48, 100, 35, 87, 71, 65, 20.06
timestamp, aqi, co, h, no2, o3, pm10, pm25, t
2017-10-11 21:46:28, 87, 48, 100, 35, 87, 71, 65, 20.06
timestamp, aqi, co, h, no2, o3, pm10, pm25, t
2017-10-11 22:05:37, 87, 48, 100, 35, 87, 71, 65, 20.06
timestamp, aqi, co, h, no2, o3, pm10, pm25, t
2017-10-11 22:46:31, 87, 48, 100, 35, 87, 71, 65, 20.06
timestamp, aqi, co, h, no2, o3, pm10, pm25, t
2017-10-11 23:05:39, 87, 48, 100, 35, 87, 71, 65, 20.06
timestamp, aqi, co, h, no2, o3, pm10, pm25, t
2017-10-11 23:46:34, 87, 48, 100, 35, 87, 71, 65, 20.06
timestamp, aqi, co, h, no2, o3, pm10, pm25, t
2017-10-12 00:05:42, 87, 48, 100, 35, 87, 71, 65, 19.18
timestamp, aqi, co, h, no2, o3, pm10, pm25, t
2017-10-12 00:46:36, 87, 48, 100, 35, 87, 71, 65, 19.18
timestamp, aqi, co, h, no2, o3, pm10, pm25, t
2017-10-12 01:05:44, 87, 48, 100, 35, 87, 71, 65, 19.18
timestamp, aqi, co, h, no2, o3, pm10, pm25, t
2017-10-12 01:46:39, 87, 48, 100, 35, 87, 71, 65, 19.18
timestamp, aqi, co, h, no2, o3, pm10, pm25, t
2017-10-12 02:05:47, 87, 48, 100, 35, 87, 71, 65, 19.18
timestamp, aqi, co, h, no2, o3, pm10, pm25, t
2017-10-12 02:46:41, 87, 48, 97, 35, 87, 71, 65, 22.44
timestamp, aqi, co, h, no2, o3, pm10, pm25, t
2017-10-12 03:05:50, 87, 48, 97, 35, 87, 71, 65, 22.44
timestamp, aqi, co, h, no2, o3, pm10, pm25, t
2017-10-12 03:46:43, 87, 48, 97, 35, 87, 71, 65, 22.44
timestamp, aqi, co, h, no2, o3, pm10, pm25, t
2017-10-12 04:05:52, 87, 48, 97, 35, 87, 71, 65, 22.44
timestamp, aqi, co, h, no2, o3, pm10, pm25, t
2017-10-12 04:46:46, 87, 48, 97, 35, 87, 71, 65, 22.44
timestamp, aqi, co, h, no2, o3, pm10, pm25, t
2017-10-12 05:05:55, 58, 48, 97, 27, 16, 58, 53, 22.44
timestamp, aqi, co, h, no2, o3, pm10, pm25, t
2017-10-12 05:46:48, 58, 48, 97, 27, 16, 58, 53, 22.44
timestamp, aqi, co, h, no2, o3, pm10, pm25, t
2017-10-12 06:05:57, 59, 48, 89, 28, 16, 59, 53, 27.04
timestamp, aqi, co, h, no2, o3, pm10, pm25, t
2017-10-12 06:46:51, 59, 48, 89, 28, 16, 59, 53, 27.04
timestamp, aqi, co, h, no2, o3, pm10, pm25, t
2017-10-12 07:06:00, 59, 48, 89, 29, 17, 59, 54, 27.04
timestamp, aqi, co, h, no2, o3, pm10, pm25, t
2017-10-12 07:46:53, 60, 48, 89, 29, 20, 60, 55, 27.04
timestamp, aqi, co, h, no2, o3, pm10, pm25, t
2017-10-12 08:06:02, 60, 48, 89, 29, 20, 60, 55, 27.04
timestamp, aqi, co, h, no2, o3, pm10, pm25, t
2017-10-12 08:46:56, 60, 48, 89, 29, 20, 60, 55, 27.04
timestamp, aqi, co, h, no2, o3, pm10, pm25, t
2017-10-12 09:06:04, 60, 48, 89, 29, 20, 60, 55, 27.04
timestamp, aqi, co, h, no2, o3, pm10, pm25, t
2017-10-12 09:46:58, 60, 48, 100, 29, 20, 60, 55, 27.58
timestamp, aqi, co, h, no2, o3, pm10, pm25, t
2017-10-12 10:06:07, 60, 48, 100, 29, 20, 60, 55, 27.58
timestamp, aqi, co, h, no2, o3, pm10, pm25, t
2017-10-12 10:47:00, 60, 48, 100, 29, 29, 60, 54, 27.58
timestamp, aqi, co, h, no2, o3, pm10, pm25, t
2017-10-12 11:06:09, 53, 48, 100, 30, 34, 53, 48, 27.58
timestamp, aqi, co, h, no2, o3, pm10, pm25, t
2017-10-12 11:47:03, 53, 48, 100, 30, 34, 53, 48, 27.58
timestamp, aqi, co, h, no2, o3, pm10, pm25, t
2017-10-12 12:06:12, 47, 48, 81, 30, 40, 47, 42, 26.18
timestamp, aqi, co, h, no2, o3, pm10, pm25, t
2017-10-12 12:47:06, 44, 48, 81, 31, 44, 44, 39, 26.18
timestamp, aqi, co, h, no2, o3, pm10, pm25, t
2017-10-12 13:06:14, 44, 48, 81, 31, 44, 44, 39, 26.18
timestamp, aqi, co, h, no2, o3, pm10, pm25, t
2017-10-12 13:47:08, 49, 48, 81, 33, 49, 43, 39, 26.18
timestamp, aqi, co, h, no2, o3, pm10, pm25, t
2017-10-12 14:06:16, 49, 48, 81, 33, 49, 43, 39, 26.18
timestamp, aqi, co, h, no2, o3, pm10, pm25, t
2017-10-12 14:47:10, 49, 48, 81, 33, 49, 43, 39, 26.18
timestamp, aqi, co, h, no2, o3, pm10, pm25, t
2017-10-12 15:06:19, 49, 48, 81, 33, 49, 43, 39, 26.18
timestamp, aqi, co, h, no2, o3, pm10, pm25, t
2017-10-12 15:47:13, 51, 48, 91, 34, 51, 42, 38, 23.38
timestamp, aqi, co, h, no2, o3, pm10, pm25, t
2017-10-12 16:06:22, 51, 48, 91, 34, 51, 42, 38, 23.38
timestamp, aqi, co, h, no2, o3, pm10, pm25, t
2017-10-12 16:47:15, 51, 48, 91, 34, 51, 42, 38, 23.38
timestamp, aqi, co, h, no2, o3, pm10, pm25, t
2017-10-12 17:06:24, 51, 48, 91, 34, 51, 42, 38, 23.38
timestamp, aqi, co, h, no2, o3, pm10, pm25, t
2017-10-12 17:47:17, 51, 48, 100, 34, 51, 42, 38, 21.73
timestamp, aqi, co, h, no2, o3, pm10, pm25, t
2017-10-12 18:06:26, 51, 48, 100, 34, 51, 42, 38, 21.73
timestamp, aqi, co, h, no2, o3, pm10, pm25, t
2017-10-12 18:47:20, 51, 48, 100, 34, 51, 42, 38, 21.73
timestamp, aqi, co, h, no2, o3, pm10, pm25, t
2017-10-12 19:06:29, 51, 48, 100, 34, 51, 42, 38, 21.73
timestamp, aqi, co, h, no2, o3, pm10, pm25, t
2017-10-12 19:47:22, 51, 48, 100, 34, 51, 42, 38, 21.73
timestamp, aqi, co, h, no2, o3, pm10, pm25, t
2017-10-12 20:06:32, 51, 48, 100, 34, 51, 42, 38, 21.73
timestamp, aqi, co, h, no2, o3, pm10, pm25, t
2017-10-12 20:47:25, 51, 48, 98, 34, 51, 42, 38, 20.72
timestamp, aqi, co, h, no2, o3, pm10, pm25, t
2017-10-12 21:06:35, 51, 48, 98, 34, 51, 42, 38, 20.72
timestamp, aqi, co, h, no2, o3, pm10, pm25, t
2017-10-12 21:47:28, 51, 48, 98, 34, 51, 42, 38, 20.72
timestamp, aqi, co, h, no2, o3, pm10, pm25, t
2017-10-12 22:06:38, 51, 48, 98, 34, 51, 42, 38, 20.72
timestamp, aqi, co, h, no2, o3, pm10, pm25, t
2017-10-12 22:47:31, 51, 48, 98, 34, 51, 42, 38, 20.72
timestamp, aqi, co, h, no2, o3, pm10, pm25, t
2017-10-12 23:06:41, 51, 48, 98, 34, 51, 42, 38, 20.72
timestamp, aqi, co, h, no2, o3, pm10, pm25, t
2017-10-12 23:47:35, 51, 48, 100, 34, 51, 42, 38, 21.95
timestamp, aqi, co, h, no2, o3, pm10, pm25, t
2017-10-13 00:06:43, 51, 48, 100, 34, 51, 42, 38, 21.95
timestamp, aqi, co, h, no2, o3, pm10, pm25, t
2017-10-13 00:47:38, 51, 48, 100, 34, 51, 42, 38, 21.95
timestamp, aqi, co, h, no2, o3, pm10, pm25, t
2017-10-13 01:06:48, 51, 48, 100, 34, 51, 42, 38, 21.95
timestamp, aqi, co, h, no2, o3, pm10, pm25, t
2017-10-13 01:47:41, 51, 48, 100, 34, 51, 42, 38, 21.95
timestamp, aqi, co, h, no2, o3, pm10, pm25, t
2017-10-13 02:06:50, 51, 48, 100, 34, 51, 42, 38, 21.95
timestamp, aqi, co, h, no2, o3, pm10, pm25, t
2017-10-13 02:47:44, 51, 48, 96, 34, 51, 42, 38, 23.59
timestamp, aqi, co, h, no2, o3, pm10, pm25, t
2017-10-13 03:06:53, 51, 48, 96, 34, 51, 42, 38, 23.59
timestamp, aqi, co, h, no2, o3, pm10, pm25, t
2017-10-13 03:47:46, 51, 48, 96, 34, 51, 42, 38, 23.59
timestamp, aqi, co, h, no2, o3, pm10, pm25, t
2017-10-13 04:06:56, 51, 48, 96, 34, 51, 42, 38, 23.59
timestamp, aqi, co, h, no2, o3, pm10, pm25, t
2017-10-13 04:47:49, 51, 48, 96, 49, 19, 51, 46, 23.59
timestamp, aqi, co, h, no2, o3, pm10, pm25, t
2017-10-13 05:06:59, 51, 48, 96, 49, 19, 51, 46, 23.59
timestamp, aqi, co, h, no2, o3, pm10, pm25, t
2017-10-13 05:47:52, 50, 48, 87, 50, 23, 50, 45, 26.08
timestamp, aqi, co, h, no2, o3, pm10, pm25, t
2017-10-13 06:07:01, 50, 48, 87, 50, 23, 50, 45, 26.08
timestamp, aqi, co, h, no2, o3, pm10, pm25, t
2017-10-13 06:47:54, 50, 48, 87, 50, 23, 50, 45, 26.08
timestamp, aqi, co, h, no2, o3, pm10, pm25, t
2017-10-13 07:07:04, 50, 48, 87, 50, 23, 50, 45, 26.08
timestamp, aqi, co, h, no2, o3, pm10, pm25, t
2017-10-13 07:47:57, 48, 48, 87, 53, 34, 48, 44, 26.08
timestamp, aqi, co, h, no2, o3, pm10, pm25, t
2017-10-13 08:07:07, 48, 48, 87, 53, 34, 48, 44, 26.08
timestamp, aqi, co, h, no2, o3, pm10, pm25, t
2017-10-13 08:48:00, 48, 48, 85, 53, 48, 48, 43, 27.065
timestamp, aqi, co, h, no2, o3, pm10, pm25, t
2017-10-13 09:07:09, 48, 48, 94, 53, 48, 48, 43, 26.25
timestamp, aqi, co, h, no2, o3, pm10, pm25, t
2017-10-13 09:48:03, 48, 48, 94, 53, 48, 48, 43, 26.25
timestamp, aqi, co, h, no2, o3, pm10, pm25, t
2017-10-13 10:07:12, 48, 48, 94, 53, 48, 48, 43, 26.25
timestamp, aqi, co, h, no2, o3, pm10, pm25, t
2017-10-13 10:48:05, 59, 48, 94, 52, 59, 47, 43, 26.25
timestamp, aqi, co, h, no2, o3, pm10, pm25, t
2017-10-13 11:07:15, 59, 48, 94, 52, 59, 47, 43, 26.25
timestamp, aqi, co, h, no2, o3, pm10, pm25, t
2017-10-13 11:48:08, 62, 48, 100, 53, 62, 48, 43, 22.74
timestamp, aqi, co, h, no2, o3, pm10, pm25, t
2017-10-13 12:07:17, 62, 48, 100, 53, 62, 48, 43, 22.74
timestamp, aqi, co, h, no2, o3, pm10, pm25, t
2017-10-13 12:48:11, 62, 48, 100, 53, 62, 48, 43, 22.74
timestamp, aqi, co, h, no2, o3, pm10, pm25, t
2017-10-13 13:07:21, 62, 48, 100, 53, 62, 48, 43, 22.74
timestamp, aqi, co, h, no2, o3, pm10, pm25, t
2017-10-13 13:48:13, 64, 48, 100, 51, 64, 48, 44, 22.74
timestamp, aqi, co, h, no2, o3, pm10, pm25, t
2017-10-13 14:07:23, 64, 48, 100, 51, 64, 48, 44, 22.74
timestamp, aqi, co, h, no2, o3, pm10, pm25, t
2017-10-13 14:48:16, 64, 48, 100, 51, 64, 48, 44, 22.74
timestamp, aqi, co, h, no2, o3, pm10, pm25, t
2017-10-13 15:07:27, 64, 48, 98, 51, 64, 48, 44, 21.09
timestamp, aqi, co, h, no2, o3, pm10, pm25, t
2017-10-13 15:48:19, 64, 48, 98, 51, 64, 48, 44, 21.09
timestamp, aqi, co, h, no2, o3, pm10, pm25, t
2017-10-13 16:07:30, 64, 48, 98, 51, 64, 48, 44, 21.09
timestamp, aqi, co, h, no2, o3, pm10, pm25, t
2017-10-13 16:48:21, 64, 48, 98, 51, 64, 48, 44, 21.09
timestamp, aqi, co, h, no2, o3, pm10, pm25, t
2017-10-13 17:07:34, 64, 48, 98, 51, 64, 48, 44, 21.09
timestamp, aqi, co, h, no2, o3, pm10, pm25, t
2017-10-13 17:48:24, 64, 48, 98, 51, 64, 48, 44, 21.09
timestamp, aqi, co, h, no2, o3, pm10, pm25, t
2017-10-13 18:07:36, 64, 48, 98, 51, 64, 48, 44, 21.09
timestamp, aqi, co, h, no2, o3, pm10, pm25, t
2017-10-13 18:48:27, 64, 48, 100, 51, 64, 48, 44, 20.32
timestamp, aqi, co, h, no2, o3, pm10, pm25, t
2017-10-13 19:07:39, 64, 48, 100, 51, 64, 48, 44, 20.32
timestamp, aqi, co, h, no2, o3, pm10, pm25, t
2017-10-13 19:48:29, 64, 48, 100, 51, 64, 48, 44, 20.32
timestamp, aqi, co, h, no2, o3, pm10, pm25, t
2017-10-13 20:07:41, 64, 48, 100, 51, 64, 48, 44, 20.32
timestamp, aqi, co, h, no2, o3, pm10, pm25, t
2017-10-13 20:48:32, 64, 48, 100, 51, 64, 48, 44, 20.32
timestamp, aqi, co, h, no2, o3, pm10, pm25, t
2017-10-13 21:07:44, 64, 48, 100, 51, 64, 48, 44, 20.12
timestamp, aqi, co, h, no2, o3, pm10, pm25, t
2017-10-13 21:48:34, 64, 48, 100, 51, 64, 48, 44, 20.12
timestamp, aqi, co, h, no2, o3, pm10, pm25, t
2017-10-13 22:07:47, 64, 48, 100, 51, 64, 48, 44, 20.12
timestamp, aqi, co, h, no2, o3, pm10, pm25, t
2017-10-13 22:48:37, 64, 48, 100, 51, 64, 48, 44, 20.12
timestamp, aqi, co, h, no2, o3, pm10, pm25, t
2017-10-13 23:07:49, 64, 48, 100, 51, 64, 48, 44, 20.12
timestamp, aqi, co, h, no2, o3, pm10, pm25, t
2017-10-13 23:48:40, 64, 48, 100, 51, 64, 48, 44, 20.12
timestamp, aqi, co, h, no2, o3, pm10, pm25, t
2017-10-14 00:07:52, 64, 48, 100, 51, 64, 48, 44, 20.12
timestamp, aqi, co, h, no2, o3, pm10, pm25, t
2017-10-14 00:48:43, 64, 48, 100, 51, 64, 48, 44, 20.3
timestamp, aqi, co, h, no2, o3, pm10, pm25, t
2017-10-14 01:07:55, 64, 48, 100, 51, 64, 48, 44, 20.3
timestamp, aqi, co, h, no2, o3, pm10, pm25, t
2017-10-14 01:48:46, 64, 48, 100, 51, 64, 48, 44, 20.3
timestamp, aqi, co, h, no2, o3, pm10, pm25, t
2017-10-14 02:07:57, 64, 48, 100, 51, 64, 48, 44, 20.3
timestamp, aqi, co, h, no2, o3, pm10, pm25, t
2017-10-14 02:48:48, 64, 48, 98, 51, 64, 48, 44, 21.79
timestamp, aqi, co, h, no2, o3, pm10, pm25, t
2017-10-14 03:08:01, 64, 48, 98, 51, 64, 48, 44, 21.79
timestamp, aqi, co, h, no2, o3, pm10, pm25, t
2017-10-14 03:48:51, 64, 48, 98, 51, 64, 48, 44, 21.79
timestamp, aqi, co, h, no2, o3, pm10, pm25, t
2017-10-14 04:08:05, 64, 48, 98, 51, 64, 48, 44, 21.79
timestamp, aqi, co, h, no2, o3, pm10, pm25, t
2017-10-14 04:48:54, 64, 48, 98, 51, 64, 48, 44, 21.79
timestamp, aqi, co, h, no2, o3, pm10, pm25, t
2017-10-14 05:08:07, 64, 48, 98, 51, 64, 48, 44, 21.79
timestamp, aqi, co, h, no2, o3, pm10, pm25, t
2017-10-14 05:48:57, 56, 52, 95, 53, 16, 56, 51, 26.63
timestamp, aqi, co, h, no2, o3, pm10, pm25, t
2017-10-14 06:08:10, 56, 52, 95, 53, 16, 56, 51, 26.63
timestamp, aqi, co, h, no2, o3, pm10, pm25, t
2017-10-14 06:49:00, 57, 50, 95, 52, 20, 57, 52, 26.63
timestamp, aqi, co, h, no2, o3, pm10, pm25, t
2017-10-14 07:08:12, 57, 48, 95, 50, 26, 57, 52, 26.63
timestamp, aqi, co, h, no2, o3, pm10, pm25, t
2017-10-14 07:49:02, 57, 48, 95, 50, 26, 57, 52, 26.63
timestamp, aqi, co, h, no2, o3, pm10, pm25, t
2017-10-14 08:08:15, 58, 48, 92, 50, 32, 58, 52, 28.18
timestamp, aqi, co, h, no2, o3, pm10, pm25, t
2017-10-14 08:49:05, 58, 48, 100, 50, 32, 58, 52, 24.56
timestamp, aqi, co, h, no2, o3, pm10, pm25, t
2017-10-14 09:08:19, 58, 48, 100, 50, 32, 58, 52, 24.56
timestamp, aqi, co, h, no2, o3, pm10, pm25, t
2017-10-14 09:49:09, 58, 48, 100, 49, 38, 58, 53, 24.56
timestamp, aqi, co, h, no2, o3, pm10, pm25, t
2017-10-14 10:08:22, 58, 48, 100, 49, 38, 58, 53, 24.56
timestamp, aqi, co, h, no2, o3, pm10, pm25, t
2017-10-14 10:49:11, 58, 48, 100, 49, 38, 58, 53, 24.56
timestamp, aqi, co, h, no2, o3, pm10, pm25, t
2017-10-14 11:08:25, 58, 48, 100, 49, 38, 58, 53, 24.56
timestamp, aqi, co, h, no2, o3, pm10, pm25, t
2017-10-14 11:49:14, 108, 108, 95, 49, 45, 59, 54, 24.69
timestamp, aqi, co, h, no2, o3, pm10, pm25, t
2017-10-14 12:08:28, 108, 108, 95, 49, 45, 59, 54, 24.69
timestamp, aqi, co, h, no2, o3, pm10, pm25, t
2017-10-14 12:49:16, 108, 108, 95, 49, 45, 59, 54, 24.69
timestamp, aqi, co, h, no2, o3, pm10, pm25, t
2017-10-14 13:08:32, 108, 108, 95, 49, 45, 59, 54, 24.69
timestamp, aqi, co, h, no2, o3, pm10, pm25, t
2017-10-14 13:49:20, 108, 108, 95, 49, 45, 59, 54, 24.69
timestamp, aqi, co, h, no2, o3, pm10, pm25, t
2017-10-14 14:08:34, 108, 108, 95, 49, 45, 59, 54, 24.69
timestamp, aqi, co, h, no2, o3, pm10, pm25, t
2017-10-14 14:49:23, 108, 108, 97, 49, 45, 59, 54, 23.01
timestamp, aqi, co, h, no2, o3, pm10, pm25, t
2017-10-14 15:08:37, 108, 108, 97, 49, 45, 59, 54, 23.01
timestamp, aqi, co, h, no2, o3, pm10, pm25, t
2017-10-14 15:49:26, 108, 108, 97, 49, 45, 59, 54, 23.01
timestamp, aqi, co, h, no2, o3, pm10, pm25, t
2017-10-14 16:08:42, 108, 108, 97, 49, 45, 59, 54, 23.01
timestamp, aqi, co, h, no2, o3, pm10, pm25, t
2017-10-14 16:49:29, 108, 108, 97, 49, 45, 59, 54, 23.01
timestamp, aqi, co, h, no2, o3, pm10, pm25, t
2017-10-14 17:08:45, 108, 108, 97, 49, 45, 59, 54, 23.01
timestamp, aqi, co, h, no2, o3, pm10, pm25, t
2017-10-14 17:49:31, 108, 108, 97, 49, 45, 59, 54, 23.01
timestamp, aqi, co, h, no2, o3, pm10, pm25, t
2017-10-14 18:08:48, 108, 108, 96, 49, 45, 59, 54, 22.69
timestamp, aqi, co, h, no2, o3, pm10, pm25, t
2017-10-14 18:49:34, 108, 108, 96, 49, 45, 59, 54, 22.69
timestamp, aqi, co, h, no2, o3, pm10, pm25, t
2017-10-14 19:08:50, 108, 108, 96, 49, 45, 59, 54, 22.69
timestamp, aqi, co, h, no2, o3, pm10, pm25, t
2017-10-14 19:49:37, 108, 108, 96, 49, 45, 59, 54, 22.69
timestamp, aqi, co, h, no2, o3, pm10, pm25, t
2017-10-14 20:08:53, 108, 108, 96, 49, 45, 59, 54, 22.69
timestamp, aqi, co, h, no2, o3, pm10, pm25, t
2017-10-14 20:49:39, 108, 108, 97, 49, 45, 59, 54, 22.37
timestamp, aqi, co, h, no2, o3, pm10, pm25, t
2017-10-14 21:08:55, 108, 108, 97, 49, 45, 59, 54, 22.37
timestamp, aqi, co, h, no2, o3, pm10, pm25, t
2017-10-14 21:49:42, 108, 108, 97, 49, 45, 59, 54, 22.37
timestamp, aqi, co, h, no2, o3, pm10, pm25, t
2017-10-14 22:08:58, 108, 108, 97, 49, 45, 59, 54, 22.37
timestamp, aqi, co, h, no2, o3, pm10, pm25, t
2017-10-14 22:49:44, 108, 108, 97, 49, 45, 59, 54, 22.37
timestamp, aqi, co, h, no2, o3, pm10, pm25, t
2017-10-14 23:09:00, 108, 108, 97, 49, 45, 59, 54, 22.37
timestamp, aqi, co, h, no2, o3, pm10, pm25, t
2017-10-14 23:49:47, 108, 108, 97, 49, 45, 59, 54, 22.37
timestamp, aqi, co, h, no2, o3, pm10, pm25, t
2017-10-15 00:09:03, 108, 108, 97, 49, 45, 59, 54, 22.23
timestamp, aqi, co, h, no2, o3, pm10, pm25, t
2017-10-15 00:49:49, 108, 108, 97, 49, 45, 59, 54, 22.23
timestamp, aqi, co, h, no2, o3, pm10, pm25, t
2017-10-15 01:09:06, 108, 108, 97, 49, 45, 59, 54, 22.23
timestamp, aqi, co, h, no2, o3, pm10, pm25, t
2017-10-15 01:49:52, 108, 108, 97, 49, 45, 59, 54, 22.23
timestamp, aqi, co, h, no2, o3, pm10, pm25, t
2017-10-15 02:09:09, 108, 108, 97, 49, 45, 59, 54, 22.23
timestamp, aqi, co, h, no2, o3, pm10, pm25, t
2017-10-15 02:49:55, 108, 108, 97, 49, 45, 59, 54, 22.23
timestamp, aqi, co, h, no2, o3, pm10, pm25, t
2017-10-15 03:09:11, 108, 108, 97, 49, 45, 59, 54, 22.23
timestamp, aqi, co, h, no2, o3, pm10, pm25, t
2017-10-15 03:49:58, 108, 108, 97, 49, 45, 59, 54, 22.23
timestamp, aqi, co, h, no2, o3, pm10, pm25, t
2017-10-15 04:09:13, 108, 108, 97, 49, 45, 59, 54, 22.23
timestamp, aqi, co, h, no2, o3, pm10, pm25, t
2017-10-15 04:50:01, 108, 108, 97, 49, 45, 59, 54, 22.23
timestamp, aqi, co, h, no2, o3, pm10, pm25, t
2017-10-15 05:09:16, 108, 108, 97, 49, 45, 59, 54, 22.23
timestamp, aqi, co, h, no2, o3, pm10, pm25, t
2017-10-15 05:50:03, 108, 108, 97, 49, 45, 59, 54, 22.23
timestamp, aqi, co, h, no2, o3, pm10, pm25, t
2017-10-15 06:09:18, 101, 101, 90, 29, 34, 56, 51, 27.22
timestamp, aqi, co, h, no2, o3, pm10, pm25, t
2017-10-15 06:50:05, 102, 102, 90, 29, 37, 56, 51, 27.22
timestamp, aqi, co, h, no2, o3, pm10, pm25, t
2017-10-15 07:09:21, 102, 102, 90, 29, 37, 56, 51, 27.22
timestamp, aqi, co, h, no2, o3, pm10, pm25, t
2017-10-15 07:50:08, 102, 102, 90, 29, 40, 57, 52, 27.22
timestamp, aqi, co, h, no2, o3, pm10, pm25, t
2017-10-15 08:09:23, 102, 102, 90, 29, 40, 57, 52, 27.22
timestamp, aqi, co, h, no2, o3, pm10, pm25, t
2017-10-15 08:50:11, 102, 102, 90, 29, 40, 57, 52, 27.22
timestamp, aqi, co, h, no2, o3, pm10, pm25, t
2017-10-15 09:09:26, 102, 102, 90, 29, 40, 57, 52, 27.22
timestamp, aqi, co, h, no2, o3, pm10, pm25, t
2017-10-15 09:50:14, 102, 102, 90, 29, 45, 58, 53, 27.24
timestamp, aqi, co, h, no2, o3, pm10, pm25, t
2017-10-15 10:09:28, 102, 102, 90, 29, 45, 58, 53, 27.24
timestamp, aqi, co, h, no2, o3, pm10, pm25, t
2017-10-15 10:50:17, 102, 102, 90, 29, 45, 58, 53, 27.24
timestamp, aqi, co, h, no2, o3, pm10, pm25, t
2017-10-15 11:09:31, 102, 102, 90, 29, 45, 58, 53, 27.24
timestamp, aqi, co, h, no2, o3, pm10, pm25, t
2017-10-15 11:50:19, 102, 102, 87, 30, 57, 59, 54, 26.31
timestamp, aqi, co, h, no2, o3, pm10, pm25, t
2017-10-15 12:09:33, 102, 102, 87, 30, 57, 59, 54, 26.31
timestamp, aqi, co, h, no2, o3, pm10, pm25, t
2017-10-15 12:50:22, 102, 102, 87, 30, 59, 60, 55, 26.31
timestamp, aqi, co, h, no2, o3, pm10, pm25, t
2017-10-15 13:09:36, 102, 102, 87, 30, 59, 60, 55, 26.31
timestamp, aqi, co, h, no2, o3, pm10, pm25, t
2017-10-15 13:50:24, 102, 102, 87, 30, 59, 60, 55, 26.31
timestamp, aqi, co, h, no2, o3, pm10, pm25, t
2017-10-15 14:09:38, 102, 102, 87, 30, 59, 60, 55, 26.31
timestamp, aqi, co, h, no2, o3, pm10, pm25, t
2017-10-15 14:50:26, 102, 102, 96, 31, 59, 63, 58, 23.65
timestamp, aqi, co, h, no2, o3, pm10, pm25, t
2017-10-15 15:09:41, 102, 102, 96, 31, 59, 63, 58, 23.65
timestamp, aqi, co, h, no2, o3, pm10, pm25, t
2017-10-15 15:50:29, 102, 102, 96, 31, 59, 65, 59, 23.65
timestamp, aqi, co, h, no2, o3, pm10, pm25, t
2017-10-15 16:09:43, 102, 102, 96, 31, 59, 65, 59, 23.65
timestamp, aqi, co, h, no2, o3, pm10, pm25, t
2017-10-15 16:50:33, 102, 102, 96, 31, 59, 65, 59, 23.65
timestamp, aqi, co, h, no2, o3, pm10, pm25, t
2017-10-15 17:09:46, 102, 102, 96, 32, 59, 65, 59, 23.65
timestamp, aqi, co, h, no2, o3, pm10, pm25, t
2017-10-15 17:50:35, 102, 102, 97, 34, 59, 64, 58, 21.92
timestamp, aqi, co, h, no2, o3, pm10, pm25, t
2017-10-15 18:09:48, 102, 102, 97, 34, 59, 64, 58, 21.92
timestamp, aqi, co, h, no2, o3, pm10, pm25, t
2017-10-15 18:50:38, 102, 102, 97, 35, 59, 64, 58, 21.92
timestamp, aqi, co, h, no2, o3, pm10, pm25, t
2017-10-15 19:09:51, 102, 102, 97, 35, 59, 64, 58, 21.92
timestamp, aqi, co, h, no2, o3, pm10, pm25, t
2017-10-15 19:50:40, 102, 102, 97, 35, 59, 64, 58, 21.92
timestamp, aqi, co, h, no2, o3, pm10, pm25, t
2017-10-15 20:09:54, 102, 102, 97, 35, 59, 64, 58, 21.92
timestamp, aqi, co, h, no2, o3, pm10, pm25, t
2017-10-15 20:50:43, 102, 102, 100, 36, 59, 65, 59, 21.62
timestamp, aqi, co, h, no2, o3, pm10, pm25, t
2017-10-15 21:10:01, 102, 102, 100, 36, 59, 65, 59, 21.62
timestamp, aqi, co, h, no2, o3, pm10, pm25, t
2017-10-15 21:50:45, 102, 102, 100, 36, 59, 65, 59, 21.62
timestamp, aqi, co, h, no2, o3, pm10, pm25, t
2017-10-15 22:10:04, 102, 102, 100, 36, 59, 65, 59, 21.62
timestamp, aqi, co, h, no2, o3, pm10, pm25, t
2017-10-15 22:50:48, 102, 102, 100, 36, 59, 65, 59, 21.62
timestamp, aqi, co, h, no2, o3, pm10, pm25, t
2017-10-15 23:10:06, 102, 102, 100, 36, 59, 65, 59, 21.62
timestamp, aqi, co, h, no2, o3, pm10, pm25, t
2017-10-15 23:50:51, 102, 102, 100, 36, 59, 65, 59, 21.48
timestamp, aqi, co, h, no2, o3, pm10, pm25, t
2017-10-16 00:10:09, 102, 102, 100, 36, 59, 65, 59, 21.48
timestamp, aqi, co, h, no2, o3, pm10, pm25, t
2017-10-16 00:50:53, 102, 102, 100, 44, 42, 63, 58, 21.48
timestamp, aqi, co, h, no2, o3, pm10, pm25, t
2017-10-16 01:10:11, 102, 102, 100, 44, 42, 63, 58, 21.48
timestamp, aqi, co, h, no2, o3, pm10, pm25, t
2017-10-16 01:50:56, 102, 102, 100, 44, 42, 63, 58, 21.48
timestamp, aqi, co, h, no2, o3, pm10, pm25, t
2017-10-16 02:10:14, 102, 102, 100, 44, 42, 63, 58, 21.48
timestamp, aqi, co, h, no2, o3, pm10, pm25, t
2017-10-16 02:50:58, 102, 102, 98, 47, 43, 62, 56, 23.69
timestamp, aqi, co, h, no2, o3, pm10, pm25, t
2017-10-16 03:10:16, 102, 102, 98, 47, 43, 62, 56, 23.69
timestamp, aqi, co, h, no2, o3, pm10, pm25, t
2017-10-16 03:51:01, 102, 102, 98, 47, 43, 62, 56, 23.69
timestamp, aqi, co, h, no2, o3, pm10, pm25, t
2017-10-16 04:10:19, 62, 102, 98, 49, 39, 62, 56, 23.69
timestamp, aqi, co, h, no2, o3, pm10, pm25, t
2017-10-16 04:51:03, 62, 102, 89, 52, 36, 62, 56, 29.47
timestamp, aqi, co, h, no2, o3, pm10, pm25, t
2017-10-16 05:10:21, 62, 102, 89, 52, 36, 62, 56, 29.47
timestamp, aqi, co, h, no2, o3, pm10, pm25, t
2017-10-16 05:51:05, 63, 102, 89, 55, 30, 63, 57, 29.47
timestamp, aqi, co, h, no2, o3, pm10, pm25, t
2017-10-16 06:10:24, 63, 102, 89, 55, 30, 63, 57, 29.47
timestamp, aqi, co, h, no2, o3, pm10, pm25, t
2017-10-16 06:51:08, 63, 102, 89, 55, 30, 63, 57, 29.47
timestamp, aqi, co, h, no2, o3, pm10, pm25, t
2017-10-16 07:10:26, 63, 102, 89, 55, 30, 63, 57, 29.47
timestamp, aqi, co, h, no2, o3, pm10, pm25, t
2017-10-16 07:51:10, 103, 103, 86, 54, 27, 64, 58, 29.07
timestamp, aqi, co, h, no2, o3, pm10, pm25, t
2017-10-16 08:10:29, 103, 103, 77, 54, 27, 64, 58, 28.83
timestamp, aqi, co, h, no2, o3, pm10, pm25, t
2017-10-16 08:51:13, 103, 103, 77, 54, 27, 64, 58, 28.83
timestamp, aqi, co, h, no2, o3, pm10, pm25, t
2017-10-16 09:10:31, 103, 103, 77, 54, 27, 64, 58, 28.83
timestamp, aqi, co, h, no2, o3, pm10, pm25, t
2017-10-16 09:51:16, 82, 82, 77, 53, 36, 65, 59, 28.83
timestamp, aqi, co, h, no2, o3, pm10, pm25, t
2017-10-16 10:10:34, 82, 82, 77, 53, 36, 65, 59, 28.83
timestamp, aqi, co, h, no2, o3, pm10, pm25, t
2017-10-16 10:51:18, 82, 82, 77, 53, 36, 65, 59, 28.83
timestamp, aqi, co, h, no2, o3, pm10, pm25, t
2017-10-16 11:10:36, 82, 82, 77, 53, 36, 65, 59, 28.83
timestamp, aqi, co, h, no2, o3, pm10, pm25, t
2017-10-16 11:51:20, 82, 82, 93, 53, 36, 65, 59, 24.34
timestamp, aqi, co, h, no2, o3, pm10, pm25, t
2017-10-16 12:10:39, 82, 82, 93, 53, 36, 65, 59, 24.34
timestamp, aqi, co, h, no2, o3, pm10, pm25, t
2017-10-16 12:51:23, 82, 82, 93, 53, 36, 65, 59, 24.34
timestamp, aqi, co, h, no2, o3, pm10, pm25, t
2017-10-16 13:10:41, 82, 82, 93, 53, 36, 65, 59, 24.34
timestamp, aqi, co, h, no2, o3, pm10, pm25, t
2017-10-16 13:51:25, 82, 82, 93, 53, 36, 65, 59, 24.34
timestamp, aqi, co, h, no2, o3, pm10, pm25, t
2017-10-16 14:10:43, 82, 82, 95, 53, 36, 65, 59, 21.01
timestamp, aqi, co, h, no2, o3, pm10, pm25, t
2017-10-16 14:51:27, 82, 82, 95, 53, 36, 65, 59, 21.01
timestamp, aqi, co, h, no2, o3, pm10, pm25, t
2017-10-16 15:10:46, 82, 82, 95, 53, 36, 65, 59, 21.01
timestamp, aqi, co, h, no2, o3, pm10, pm25, t
2017-10-16 15:51:30, 82, 82, 95, 53, 36, 65, 59, 21.01
timestamp, aqi, co, h, no2, o3, pm10, pm25, t
2017-10-16 16:10:48, 82, 82, 95, 53, 36, 65, 59, 21.01
timestamp, aqi, co, h, no2, o3, pm10, pm25, t
2017-10-16 16:51:32, 82, 82, 95, 53, 36, 65, 59, 21.01
timestamp, aqi, co, h, no2, o3, pm10, pm25, t
2017-10-16 17:10:51, 82, 82, 95, 53, 36, 65, 59, 21.01
timestamp, aqi, co, h, no2, o3, pm10, pm25, t
2017-10-16 17:51:35, 82, 82, 95, 53, 36, 65, 59, 21.01
timestamp, aqi, co, h, no2, o3, pm10, pm25, t
2017-10-16 18:10:54, 82, 82, 95, 53, 36, 65, 59, 21.01
timestamp, aqi, co, h, no2, o3, pm10, pm25, t
2017-10-16 18:51:37, 82, 82, 97, 53, 36, 65, 59, 21
timestamp, aqi, co, h, no2, o3, pm10, pm25, t
2017-10-16 19:10:56, 82, 82, 97, 53, 36, 65, 59, 21
timestamp, aqi, co, h, no2, o3, pm10, pm25, t
2017-10-16 19:51:39, 82, 82, 97, 53, 36, 65, 59, 21
timestamp, aqi, co, h, no2, o3, pm10, pm25, t
2017-10-16 20:10:58, 82, 82, 94, 53, 36, 65, 59, 20.4
timestamp, aqi, co, h, no2, o3, pm10, pm25, t
2017-10-16 20:51:42, 82, 82, 94, 53, 36, 65, 59, 20.4
timestamp, aqi, co, h, no2, o3, pm10, pm25, t
2017-10-16 21:11:01, 82, 82, 94, 53, 36, 65, 59, 20.4
timestamp, aqi, co, h, no2, o3, pm10, pm25, t
2017-10-16 21:51:44, 82, 82, 94, 53, 36, 65, 59, 20.4
timestamp, aqi, co, h, no2, o3, pm10, pm25, t
2017-10-16 22:11:03, 82, 82, 94, 53, 36, 65, 59, 20.4
timestamp, aqi, co, h, no2, o3, pm10, pm25, t
2017-10-16 22:51:47, 82, 82, 93, 53, 36, 65, 59, 19.2
timestamp, aqi, co, h, no2, o3, pm10, pm25, t
2017-10-16 23:11:05, 82, 82, 93, 53, 36, 65, 59, 19.2
timestamp, aqi, h, no2, o3, pm25, t
2017-11-02 09:44:03, 38, 97, 4, 12, 38, 5
timestamp, aqi, h, no2, o3, pm25, t
2017-11-02 10:44:06, 30, 100, 4, 12, 30, 6
timestamp, aqi, h, no2, o3, pm25, t
2017-11-02 11:44:08, 30, 100, 4, 12, 30, 6
timestamp, aqi, h, no2, o3, pm25, t
2017-11-02 12:44:10, 10, 100, 4, 10, 9, 6
timestamp, aqi, h, no2, o3, pm25, t
2017-11-02 13:44:13, 10, 100, 4, 10, 9, 6
timestamp, aqi, h, no2, o3, pm25, t
2017-11-02 14:44:16, 9, 97, 9, 6, 9, 7
timestamp, aqi, h, no2, o3, pm25, t
2017-11-02 15:44:18, 9, 97, 9, 6, 9, 7
timestamp, aqi, h, no2, o3, pm25, t
2017-11-02 16:44:20, 13, 100, 11, 4, 13, 10
timestamp, aqi, h, no2, o3, pm25, t
2017-11-02 17:44:23, 13, 100, 11, 4, 13, 10
timestamp, aqi, h, no2, o3, pm25, t
2017-11-02 18:44:25, 17, 100, 13, 6, 17, 12
timestamp, aqi, h, no2, o3, pm25, t
2017-11-02 19:44:28, 17, 100, 13, 6, 17, 12
timestamp, aqi, h, no2, o3, pm25, t
2017-11-02 20:44:30, 13, 93, 11, 9, 13, 14
timestamp, aqi, h, no2, o3, pm25, t
2017-11-02 21:44:33, 13, 93, 11, 9, 13, 14
timestamp, aqi, h, no2, o3, pm25, t
2017-11-02 22:44:35, 21, 93, 11, 9, 21, 14
timestamp, aqi, h, no2, o3, pm25, t
2017-11-02 23:44:38, 21, 93, 11, 9, 21, 14
timestamp, aqi, h, no2, o3, pm25, t
2017-11-03 00:44:40, 57, 100, 9, 10, 57, 14
timestamp, aqi, h, no2, o3, pm25, t
2017-11-03 01:44:43, 57, 100, 9, 10, 57, 14
timestamp, aqi, h, no2, o3, pm25, t
2017-11-03 02:44:46, 13, 100, 6, 10, 13, 14
timestamp, aqi, h, no2, o3, pm25, t
2017-11-03 03:44:49, 13, 100, 6, 10, 13, 14
timestamp, aqi, h, no2, o3, pm25, t
2017-11-03 04:44:51, 17, 100, 6, 9, 17, 13
timestamp, aqi, h, no2, o3, pm25, t
2017-11-03 05:44:54, 17, 100, 6, 9, 17, 13
timestamp, aqi, h, no2, o3, pm25, t
2017-11-03 06:44:56, 30, 93, 3, 16, 30, 12
timestamp, aqi, h, no2, o3, pm25, t
2017-11-03 07:44:59, 30, 93, 3, 16, 30, 12
timestamp, aqi, h, no2, o3, pm25, t
2017-11-03 08:45:01, 15, 100, 4, 15, 13, 9
timestamp, aqi, h, no2, o3, pm25, t
2017-11-03 09:45:03, 15, 100, 4, 15, 13, 9
timestamp, aqi, h, no2, o3, pm25, t
2017-11-03 10:45:06, 15, 93, 4, 15, 13, 9
timestamp, aqi, h, no2, o3, pm25, t
2017-11-03 11:45:09, 15, 93, 4, 15, 13, 9
timestamp, aqi, h, no2, o3, pm25, t
2017-11-03 12:45:11, 17, 90, 8, 14, 17, 8
timestamp, aqi, h, no2, o3, pm25, t
2017-11-03 13:45:13, 17, 90, 8, 14, 17, 8
timestamp, aqi, h, no2, o3, pm25, t
2017-11-03 14:45:16, 21, 87, 9, 14, 21, 8
timestamp, aqi, h, no2, o3, pm25, t
2017-11-03 15:45:18, 21, 87, 9, 14, 21, 8
timestamp, aqi, h, no2, o3, pm25, t
2017-11-03 16:45:20, 18, 81, 5, 18, 9, 9
timestamp, aqi, h, no2, o3, pm25, t
2017-11-03 17:45:23, 18, 81, 5, 18, 9, 9
timestamp, aqi, h, no2, o3, pm25, t
2017-11-03 18:45:25, 22, 57, 3, 22, 5, 9
timestamp, aqi, h, no2, o3, pm25, t
2017-11-03 19:45:28, 22, 57, 3, 22, 5, 9
timestamp, aqi, h, no2, o3, pm25, t
2017-11-03 20:45:31, 22, 61, 3, 22, 5, 10
timestamp, aqi, h, no2, o3, pm25, t
2017-11-03 21:45:33, 22, 61, 3, 22, 5, 10
timestamp, aqi, h, no2, o3, pm25, t
2017-11-03 22:45:35, 22, 76, 4, 22, 5, 9
timestamp, aqi, h, no2, o3, pm25, t
2017-11-03 23:45:38, 22, 76, 4, 22, 5, 9
timestamp, aqi, h, no2, o3, pm25, t
2017-11-04 00:45:40, 18, 71, 5, 18, 5, 7
timestamp, aqi, h, no2, o3, pm25, t
2017-11-04 01:45:42, 18, 71, 5, 18, 5, 7
timestamp, aqi, h, no2, o3, pm25, t
2017-11-04 02:45:45, 18, 86, 5, 18, 5, 5
timestamp, aqi, h, no2, o3, pm25, t
2017-11-04 03:45:47, 18, 86, 5, 18, 5, 5
timestamp, aqi, h, no2, o3, pm25, t
2017-11-04 04:45:50, 17, 85, 16, 3, 17, 4
timestamp, aqi, h, no2, o3, pm25, t
2017-11-04 05:45:52, 17, 85, 16, 3, 17, 4
timestamp, aqi, h, no2, o3, pm25, t
2017-11-04 06:45:56, 17, 95, 18, 3, 17, 4
timestamp, aqi, h, no2, o3, pm25, t
2017-11-04 07:45:59, 17, 95, 18, 3, 17, 4
timestamp, aqi, h, no2, o3, pm25, t
2017-11-04 08:46:01, 12, 92, 5, 12, 9, 0
timestamp, aqi, h, no2, o3, pm25, t
2017-11-04 09:46:04, 12, 92, 5, 12, 9, 0
timestamp, aqi, h, no2, o3, pm25, t
2017-11-04 10:46:06, 9, 92, 8, 6, 9, 0
timestamp, aqi, h, no2, o3, pm25, t
2017-11-04 11:46:09, 9, 92, 8, 6, 9, 0
timestamp, aqi, h, no2, o3, pm25, t
2017-11-04 12:46:11, 13, 92, 12, 2, 13, 0
timestamp, aqi, h, no2, o3, pm25, t
2017-11-04 13:46:13, 13, 92, 12, 2, 13, 0
timestamp, aqi, h, no2, o3, pm25, t
2017-11-04 14:46:16, 9, 94, 12, 5, 9, 2
timestamp, aqi, h, no2, o3, pm25, t
2017-11-04 15:46:18, 9, 94, 12, 5, 9, 2
timestamp, aqi, h, no2, o3, pm25, t
2017-11-04 16:46:20, 15, 86, 3, 15, 5, 3
timestamp, aqi, h, no2, o3, pm25, t
2017-11-04 17:46:23, 15, 86, 3, 15, 5, 3
timestamp, aqi, h, no2, o3, pm25, t
2017-11-04 18:46:26, 15, 56, 2, 15, 5, 7
timestamp, aqi, h, no2, o3, pm25, t
2017-11-04 19:46:29, 15, 56, 2, 15, 5, 7
timestamp, aqi, h, no2, o3, pm25, t
2017-11-04 20:46:31, 16, 56, 1, 16, 5, 7
timestamp, aqi, h, no2, o3, pm25, t
2017-11-04 21:46:34, 16, 56, 1, 16, 5, 7
timestamp, aqi, h, no2, o3, pm25, t
2017-11-04 22:46:36, 15, 58, 1, 15, 5, 6
timestamp, aqi, h, no2, o3, pm25, t
2017-11-04 23:46:39, 15, 58, 1, 15, 5, 6
timestamp, aqi, h, no2, o3, pm25, t
2017-11-05 00:46:41, 18, 65, 1, 18, 9, 5
timestamp, aqi, h, no2, o3, pm25, t
2017-11-05 01:46:44, 18, 65, 1, 18, 9, 5
timestamp, aqi, h, no2, o3, pm25, t
2017-11-05 02:46:46, 17, 72, 1, 17, 9, 5
timestamp, aqi, h, no2, o3, pm25, t
2017-11-05 03:46:48, 17, 72, 1, 17, 9, 5
timestamp, aqi, h, no2, o3, pm25, t
2017-11-05 04:46:51, 16, 74, 1, 16, 9, 4
timestamp, aqi, h, no2, o3, pm25, t
2017-11-05 05:46:53, 16, 74, 1, 16, 9, 4
timestamp, aqi, h, no2, o3, pm25, t
2017-11-05 06:46:55, 15, 100, 1, 15, 9, 5
timestamp, aqi, h, no2, o3, pm25, t
2017-11-05 07:46:58, 15, 100, 1, 15, 9, 5
timestamp, aqi, h, no2, o3, pm25, t
2017-11-05 08:47:00, 13, 97, 1, 13, 13, 6
timestamp, aqi, h, no2, o3, pm25, t
2017-11-05 09:47:02, 13, 97, 1, 13, 13, 6
timestamp, aqi, h, no2, o3, pm25, t
2017-11-05 10:47:05, 21, 100, 2, 12, 21, 7
timestamp, aqi, h, no2, o3, pm25, t
2017-11-05 11:47:07, 21, 100, 2, 12, 21, 7
timestamp, aqi, h, no2, o3, pm25, t
2017-11-05 12:47:10, 34, 100, 3, 13, 34, 8
timestamp, aqi, h, no2, o3, pm25, t
2017-11-05 13:47:12, 34, 100, 3, 13, 34, 8
timestamp, aqi, h, no2, o3, pm25, t
2017-11-05 14:47:15, 21, 100, 5, 13, 21, 9
timestamp, aqi, h, no2, o3, pm25, t
2017-11-05 15:47:18, 21, 100, 5, 13, 21, 9
timestamp, aqi, h, no2, o3, pm25, t
2017-11-05 16:47:21, 17, 100, 5, 14, 17, 10
timestamp, aqi, h, no2, o3, pm25, t
2017-11-05 17:47:23, 17, 100, 5, 14, 17, 10
timestamp, aqi, h, no2, o3, pm25, t
2017-11-05 18:47:25, 10, 100, 8, 10, 9, 11
timestamp, aqi, h, no2, o3, pm25, t
2017-11-05 19:47:28, 10, 100, 8, 10, 9, 11
timestamp, aqi, h, no2, o3, pm25, t
2017-11-05 20:47:31, 17, 97, 7, 12, 17, 13
timestamp, aqi, h, no2, o3, pm25, t
2017-11-05 21:47:33, 17, 97, 7, 12, 17, 13
timestamp, aqi, h, no2, o3, pm25, t
2017-11-05 22:47:35, 38, 100, 7, 10, 38, 14
timestamp, aqi, h, no2, o3, pm25, t
2017-11-05 23:47:38, 38, 100, 7, 10, 38, 14
timestamp, aqi, h, no2, o3, pm25, t
2017-11-06 00:47:40, 59, 93, 7, 9, 59, 15
timestamp, aqi, h, no2, o3, pm25, t
2017-11-06 01:47:42, 59, 93, 7, 9, 59, 15
timestamp, aqi, h, no2, o3, pm25, t
2017-11-06 02:47:46, 74, 93, 7, 7, 74, 15
timestamp, aqi, h, no2, o3, pm25, t
2017-11-06 03:47:48, 74, 93, 7, 7, 74, 15
timestamp, aqi, h, no2, o3, pm25, t
2017-11-06 04:47:50, 61, 93, 5, 14, 61, 14
timestamp, aqi, h, no2, o3, pm25, t
2017-11-06 05:47:53, 61, 93, 5, 14, 61, 14
timestamp, aqi, h, no2, o3, pm25, t
2017-11-06 06:47:57, 13, 87, 3, 11, 13, 14
timestamp, aqi, h, no2, o3, pm25, t
2017-11-06 07:47:59, 13, 87, 3, 11, 13, 14
timestamp, aqi, h, no2, o3, pm25, t
2017-11-06 08:48:02, 16, 93, 2, 16, 5, 8
timestamp, aqi, h, no2, o3, pm25, t
2017-11-06 09:48:05, 16, 93, 2, 16, 5, 8
timestamp, aqi, h, no2, o3, pm25, t
2017-11-06 10:48:07, 16, 81, 2, 16, 5, 7
timestamp, aqi, h, no2, o3, pm25, t
2017-11-06 11:48:09, 16, 81, 2, 16, 5, 7
timestamp, aqi, h, no2, o3, pm25, t
2017-11-06 12:48:12, 21, 76, 3, 21, 9, 7
timestamp, aqi, h, no2, o3, pm25, t
2017-11-06 13:48:15, 21, 76, 3, 21, 9, 7
timestamp, aqi, h, no2, o3, pm25, t
2017-11-06 14:48:17, 18, 86, 6, 18, 9, 5
timestamp, aqi, h, no2, o3, pm25, t
2017-11-06 15:48:19, 18, 86, 6, 18, 9, 5
timestamp, aqi, h, no2, o3, pm25, t
2017-11-06 16:48:22, 23, 60, 4, 23, 9, 6
timestamp, aqi, h, no2, o3, pm25, t
2017-11-06 17:48:24, 23, 60, 4, 23, 9, 6
timestamp, aqi, h, no2, o3, pm25, t
2017-11-06 18:48:27, 23, 65, 4, 23, 13, 6
timestamp, aqi, h, no2, o3, pm25, t
2017-11-06 19:48:29, 23, 65, 4, 23, 13, 6
timestamp, aqi, h, no2, o3, pm25, t
2017-11-06 20:48:32, 13, 65, 4, 23, 13, 6
timestamp, aqi, h, no2, o3, pm25, t
2017-11-06 21:48:34, 13, 65, 4, 23, 13, 6
timestamp, aqi, h, no2, o3, pm25, t
2017-11-06 22:48:37, 22, 64, 5, 22, 9, 5
timestamp, aqi, h, no2, o3, pm25, t
2017-11-06 23:48:39, 22, 64, 5, 22, 9, 5
timestamp, aqi, h, no2, o3, pm25, t
2017-11-07 00:48:41, 18, 58, 6, 18, 13, 5
timestamp, aqi, h, no2, o3, pm25, t
2017-11-07 01:48:44, 18, 58, 6, 18, 13, 5
timestamp, aqi, h, no2, o3, pm25, t
2017-11-07 02:48:46, 20, 55, 4, 20, 13, 5
timestamp, aqi, h, no2, o3, pm25, t
2017-11-07 03:48:49, 20, 55, 4, 20, 13, 5
timestamp, aqi, h, no2, o3, pm25, t
2017-11-07 04:48:51, 20, 55, 4, 20, 13, 5
timestamp, aqi, h, no2, o3, pm25, t
2017-11-07 05:48:54, 20, 69, 2, 20, 13, 4
timestamp, aqi, h, no2, o3, pm25, t
2017-11-07 06:48:57, 20, 69, 2, 20, 13, 4
timestamp, aqi, h, no2, o3, pm25, t
2017-11-07 07:49:00, 20, 69, 3, 20, 17, 4
timestamp, aqi, h, no2, o3, pm25, t
2017-11-07 08:49:02, 20, 69, 3, 20, 17, 4
timestamp, aqi, h, no2, o3, pm25, t
2017-11-07 09:49:05, 21, 80, 5, 17, 21, 3
timestamp, aqi, h, no2, o3, pm25, t
2017-11-07 10:49:08, 21, 80, 5, 17, 21, 3
timestamp, aqi, h, no2, o3, pm25, t
2017-11-07 11:49:10, 21, 86, 4, 16, 21, 2
timestamp, aqi, h, no2, o3, pm25, t
2017-11-07 12:49:13, 21, 86, 4, 16, 21, 2
timestamp, aqi, h, no2, o3, pm25, t
2017-11-07 13:49:16, 25, 92, 18, 6, 25, 1
timestamp, aqi, h, no2, o3, pm25, t
2017-11-07 14:49:19, 25, 92, 18, 6, 25, 1
timestamp, aqi, h, no2, o3, pm25, t
2017-11-07 15:49:21, 34, 69, 17, 8, 34, 5
timestamp, aqi, h, no2, o3, pm25, t
2017-11-07 16:49:24, 34, 69, 17, 8, 34, 5
timestamp, aqi, h, no2, o3, pm25, t
2017-11-07 17:49:27, 25, 60, 7, 18, 25, 6
timestamp, aqi, h, no2, o3, pm25, t
2017-11-07 18:49:29, 25, 60, 7, 18, 25, 6
timestamp, aqi, h, no2, o3, pm25, t
2017-11-07 19:49:32, 23, 48, 6, 23, 17, 7
timestamp, aqi, h, no2, o3, pm25, t
2017-11-07 20:49:34, 23, 48, 6, 23, 17, 7
timestamp, aqi, h, no2, o3, pm25, t
2017-11-07 21:49:36, 26, 48, 4, 26, 17, 7
timestamp, aqi, h, no2, o3, pm25, t
2017-11-07 22:49:39, 26, 48, 4, 26, 17, 7
timestamp, aqi, h, no2, o3, pm25, t
2017-11-07 23:49:42, 34, 47, 8, 22, 34, 6
timestamp, aqi, h, no2, o3, pm25, t
2017-11-08 00:49:44, 34, 47, 8, 22, 34, 6
timestamp, aqi, h, no2, o3, pm25, t
2017-11-08 01:49:47, 38, 64, 7, 22, 38, 4
timestamp, aqi, h, no2, o3, pm25, t
2017-11-08 02:49:49, 38, 64, 7, 22, 38, 4
timestamp, aqi, h, no2, o3, pm25, t
2017-11-08 03:49:52, 34, 92, 8, 20, 34, 2
timestamp, aqi, h, no2, o3, pm25, t
2017-11-08 04:49:54, 34, 92, 8, 20, 34, 2
timestamp, aqi, h, no2, o3, pm25, t
2017-11-08 05:49:59, 30, 92, 8, 18, 30, 2
timestamp, aqi, h, no2, o3, pm25, t
2017-11-08 06:50:02, 30, 92, 8, 18, 30, 2
timestamp, aqi, h, no2, o3, pm25, t
2017-11-08 07:50:06, 30, 74, 10, 14, 30, 1
timestamp, aqi, h, no2, o3, pm25, t
2017-11-08 08:50:08, 30, 74, 10, 14, 30, 1
timestamp, aqi, h, no2, o3, pm25, t
2017-11-08 09:50:11, 25, 91, 12, 10, 25, 1
timestamp, aqi, h, no2, o3, pm25, t
2017-11-08 10:50:14, 25, 91, 12, 10, 25, 1
timestamp, aqi, h, no2, o3, pm25, t
2017-11-08 11:50:16, 25, 83, 13, 8, 25, 1
timestamp, aqi, h, no2, o3, pm25, t
2017-11-08 12:50:19, 25, 83, 13, 8, 25, 1
timestamp, aqi, h, no2, o3, pm25, t
2017-11-08 13:50:21, 25, 86, 20, 7, 25, 0
timestamp, aqi, h, no2, o3, pm25, t
2017-11-08 14:50:24, 25, 86, 20, 7, 25, 0
timestamp, aqi, h, no2, o3, pm25, t
2017-11-08 15:50:27, 34, 80, 20, 6, 34, 1
timestamp, aqi, h, no2, o3, pm25, t
2017-11-08 16:50:29, 34, 80, 20, 6, 34, 1
timestamp, aqi, h, no2, o3, pm25, t
2017-11-08 17:50:32, 30, 64, 8, 19, 30, 5
timestamp, aqi, h, no2, o3, pm25, t
2017-11-08 18:50:34, 30, 64, 8, 19, 30, 5
timestamp, aqi, h, no2, o3, pm25, t
2017-11-08 19:50:36, 25, 45, 7, 24, 25, 7
timestamp, aqi, h, no2, o3, pm25, t
2017-11-08 20:50:39, 25, 45, 7, 24, 25, 7
timestamp, aqi, h, no2, o3, pm25, t
2017-11-08 21:50:41, 25, 45, 6, 25, 25, 7
timestamp, aqi, h, no2, o3, pm25, t
2017-11-08 22:50:44, 25, 45, 6, 25, 25, 7
timestamp, aqi, h, no2, o3, pm25, t
2017-11-08 23:50:46, 25, 39, 11, 23, 25, 8
timestamp, aqi, h, no2, o3, pm25, t
2017-11-09 00:50:48, 25, 39, 11, 23, 25, 8
timestamp, aqi, h, no2, o3, pm25, t
2017-11-09 01:50:51, 42, 78, 26, 9, 42, 3
timestamp, aqi, h, no2, o3, pm25, t
2017-11-09 02:50:53, 42, 78, 26, 9, 42, 3
timestamp, aqi, h, no2, o3, pm25, t
2017-11-09 03:50:55, 55, 77, 19, 12, 55, 2
timestamp, aqi, h, no2, o3, pm25, t
2017-11-09 04:50:58, 55, 77, 19, 12, 55, 2
timestamp, aqi, h, no2, o3, pm25, t
2017-11-09 05:51:00, 50, 79, 22, 7, 50, -1
timestamp, aqi, h, no2, o3, pm25, t
2017-11-09 06:51:03, 50, 79, 22, 7, 50, -1
timestamp, aqi, h, no2, o3, pm25, t
2017-11-09 07:51:05, 50, 74, 31, 1, 50, -2
timestamp, aqi, h, no2, o3, pm25, t
2017-11-09 08:51:07, 50, 74, 31, 1, 50, -2
timestamp, aqi, h, no2, o3, pm25, t
2017-11-09 09:51:10, 53, 77, 11, 13, 53, -1
timestamp, aqi, h, no2, o3, pm25, t
2017-11-09 10:51:12, 53, 77, 11, 13, 53, -1
timestamp, aqi, h, no2, o3, pm25, t
2017-11-09 11:51:14, 61, 92, 19, 6, 61, -1
timestamp, aqi, h, no2, o3, pm25, t
2017-11-09 12:51:16, 61, 92, 19, 6, 61, -1
timestamp, aqi, h, no2, o3, pm25, t
2017-11-09 13:51:19, 72, 92, 27, 1, 72, -1
timestamp, aqi, h, no2, o3, pm25, t
2017-11-09 14:51:21, 72, 92, 27, 1, 72, -1
timestamp, aqi, h, no2, o3, pm25, t
2017-11-09 15:51:24, 72, 86, 20, 6, 72, 1
timestamp, aqi, h, no2, o3, pm25, t
2017-11-09 16:51:27, 72, 86, 20, 6, 72, 1
timestamp, aqi, h, no2, o3, pm25, t
2017-11-09 17:51:29, 76, 82, 13, 13, 76, 6
timestamp, aqi, h, no2, o3, pm25, t
2017-11-09 18:51:32, 76, 82, 13, 13, 76, 6
timestamp, aqi, h, no2, o3, pm25, t
2017-11-09 19:51:35, 74, 69, 11, 18, 74, 7
timestamp, aqi, h, no2, o3, pm25, t
2017-11-09 20:51:38, 74, 69, 11, 18, 74, 7
timestamp, aqi, h, no2, o3, pm25, t
2017-11-09 21:51:40, 59, 60, 12, 19, 59, 7
timestamp, aqi, h, no2, o3, pm25, t
2017-11-09 22:51:43, 59, 60, 12, 19, 59, 7
timestamp, aqi, h, no2, o3, pm25, t
2017-11-09 23:51:45, 50, 86, 11, 18, 50, 5
timestamp, aqi, h, no2, o3, pm25, t
2017-11-10 00:51:48, 50, 86, 11, 18, 50, 5
timestamp, aqi, h, no2, o3, pm25, t
2017-11-10 01:51:50, 25, 97, 4, 25, 5, 3
timestamp, aqi, h, no2, o3, pm25, t
2017-11-10 02:51:52, 25, 97, 4, 25, 5, 3
timestamp, aqi, h, no2, o3, pm25, t
2017-11-10 03:51:54, 27, 80, 3, 27, 5, 0
timestamp, aqi, h, no2, o3, pm25, t
2017-11-10 04:51:57, 27, 80, 3, 27, 5, 0
timestamp, aqi, h, no2, o3, pm25, t
2017-11-10 05:51:59, 26, 92, 3, 26, 5, -3
timestamp, aqi, h, no2, o3, pm25, t
2017-11-10 06:52:02, 26, 92, 3, 26, 5, -3
timestamp, aqi, h, no2, o3, pm25, t
2017-11-10 07:52:04, 31, 70, 2, 31, 5, -5
timestamp, aqi, h, no2, o3, pm25, t
2017-11-10 08:52:06, 31, 70, 2, 31, 5, -5
timestamp, aqi, h, no2, o3, pm25, t
2017-11-10 09:52:09, 30, 48, 3, 30, 5, -6
timestamp, aqi, h, no2, o3, pm25, t
2017-11-10 10:52:11, 30, 48, 3, 30, 5, -6
timestamp, aqi, h, no2, o3, pm25, t
2017-11-10 11:52:14, 27, 85, 2, 27, 5, -7
timestamp, aqi, h, no2, o3, pm25, t
2017-11-10 12:52:16, 27, 85, 2, 27, 5, -7
timestamp, aqi, h, no2, o3, pm25, t
2017-11-10 13:52:18, 25, 85, 5, 25, 5, -10
timestamp, aqi, h, no2, o3, pm25, t
2017-11-10 14:52:21, 25, 85, 5, 25, 5, -10
timestamp, aqi, h, no2, o3, pm25, t
2017-11-10 15:52:23, 26, 72, 6, 26, 5, -11
timestamp, aqi, h, no2, o3, pm25, t
2017-11-10 16:52:26, 26, 72, 6, 26, 5, -11
timestamp, aqi, h, no2, o3, pm25, t
2017-11-10 17:52:28, 28, 61, 4, 28, 5, -9
timestamp, aqi, h, no2, o3, pm25, t
2017-11-10 18:52:31, 28, 61, 4, 28, 5, -9
timestamp, aqi, h, no2, o3, pm25, t
2017-11-10 19:52:33, 30, 67, 3, 30, 5, -7
timestamp, aqi, h, no2, o3, pm25, t
2017-11-10 20:52:36, 30, 67, 3, 30, 5, -7
timestamp, aqi, h, no2, o3, pm25, t
2017-11-10 21:52:38, 29, 57, 4, 29, 5, -5
timestamp, aqi, h, no2, o3, pm25, t
2017-11-10 22:52:41, 29, 57, 4, 29, 5, -5
timestamp, aqi, h, no2, o3, pm25, t
2017-11-10 23:52:43, 24, 62, 9, 24, 5, -5
timestamp, aqi, h, no2, o3, pm25, t
2017-11-11 00:52:46, 24, 62, 9, 24, 5, -5
timestamp, aqi, h, no2, o3, pm25, t
2017-11-11 01:52:48, 25, 57, 8, 25, 5, -6
timestamp, aqi, h, no2, o3, pm25, t
2017-11-11 02:52:50, 25, 57, 8, 25, 5, -6
timestamp, aqi, h, no2, o3, pm25, t
2017-11-11 03:52:53, 13, 72, 30, 7, 13, -8
timestamp, aqi, h, no2, o3, pm25, t
2017-11-11 04:52:55, 13, 72, 30, 7, 13, -8
timestamp, aqi, h, no2, o3, pm25, t
2017-11-11 05:52:58, 13, 72, 30, 7, 13, -8
timestamp, aqi, h, no2, o3, pm25, t
2017-11-11 06:53:00, 17, 92, 31, 6, 17, -10
timestamp, aqi, h, no2, o3, pm25, t
2017-11-11 07:53:03, 17, 92, 31, 6, 17, -10
timestamp, aqi, h, no2, o3, pm25, t
2017-11-11 08:53:05, 13, 92, 22, 7, 13, -11
timestamp, aqi, h, no2, o3, pm25, t
2017-11-11 09:53:07, 13, 92, 22, 7, 13, -11
timestamp, aqi, h, no2, o3, pm25, t
2017-11-11 10:53:10, 13, 92, 32, 1, 13, -11
timestamp, aqi, h, no2, o3, pm25, t
2017-11-11 11:53:12, 13, 92, 32, 1, 13, -11
timestamp, aqi, h, no2, o3, pm25, t
2017-11-11 12:53:15, 13, 91, 25, 6, 13, -12
timestamp, aqi, h, no2, o3, pm25, t
2017-11-11 13:53:17, 13, 91, 25, 6, 13, -12
